date,covidOccupiedMVBeds,retail_and_recreation_percent_change_from_baseline,parks_percent_change_from_baseline,transit_stations_percent_change_from_baseline,residential_percent_change_from_baseline,year,month,day,weekend,hospitalCases_lagged,newAdmissions_lagged,grocery_and_pharmacy_percent_change_from_baseline_lagged,workplaces_percent_change_from_baseline_lagged
2020-06-01,652.0,-56.0,74.0,-51.0,19.0,2020.0,6.0,0,0,0.0,0.0,0.0,0.0
2020-06-02,636.0,-59.0,78.0,-51.0,19.0,2020.0,6.0,1,0,0.0,0.0,0.0,0.0
2020-06-03,602.0,-62.0,0.0,-57.0,22.0,2020.0,6.0,2,0,0.0,0.0,0.0,0.0
2020-06-04,571.0,-61.0,19.0,-56.0,22.0,2020.0,6.0,3,0,0.0,0.0,-13.0,0.0
2020-06-05,554.0,-63.0,9.0,-56.0,22.0,2020.0,6.0,4,0,0.0,0.0,-15.0,0.0
2020-06-06,540.0,-70.0,-17.0,-57.0,14.0,2020.0,6.0,5,1,7171.0,0.0,-19.0,0.0
2020-06-07,515.0,-67.0,22.0,-51.0,10.0,2020.0,6.0,6,1,7014.0,0.0,-17.0,0.0
2020-06-08,509.0,-56.0,44.0,-54.0,19.0,2020.0,6.0,0,0,6750.0,0.0,-17.0,-53.0
2020-06-09,491.0,-58.0,56.0,-53.0,20.0,2020.0,6.0,1,0,6525.0,0.0,-22.0,-54.0
2020-06-10,439.0,-61.0,-1.0,-58.0,21.0,2020.0,6.0,2,0,6325.0,0.0,-23.0,-54.0
2020-06-11,390.0,-59.0,15.0,-58.0,21.0,2020.0,6.0,3,0,6097.0,0.0,-17.0,-54.0
2020-06-12,393.0,-61.0,6.0,-57.0,21.0,2020.0,6.0,4,0,5892.0,0.0,-17.0,-53.0
2020-06-13,390.0,-65.0,41.0,-49.0,11.0,2020.0,6.0,5,1,5879.0,0.0,-19.0,-33.0
2020-06-14,393.0,-63.0,65.0,-46.0,8.0,2020.0,6.0,6,1,5684.0,605.0,-17.0,-28.0
2020-06-15,385.0,-46.0,63.0,-50.0,18.0,2020.0,6.0,0,0,5423.0,666.0,-17.0,-52.0
2020-06-16,378.0,-50.0,53.0,-51.0,19.0,2020.0,6.0,1,0,5132.0,632.0,-17.0,-52.0
2020-06-17,357.0,-52.0,34.0,-52.0,19.0,2020.0,6.0,2,0,5045.0,562.0,-20.0,-52.0
2020-06-18,352.0,-54.0,8.0,-56.0,20.0,2020.0,6.0,3,0,4898.0,472.0,-14.0,-52.0
2020-06-19,330.0,-53.0,20.0,-52.0,19.0,2020.0,6.0,4,0,4866.0,406.0,-13.0,-51.0
2020-06-20,346.0,-57.0,49.0,-43.0,9.0,2020.0,6.0,5,1,4829.0,405.0,-14.0,-24.0
2020-06-21,310.0,-58.0,37.0,-44.0,7.0,2020.0,6.0,6,1,4825.0,410.0,-15.0,-19.0
2020-06-22,340.0,-45.0,72.0,-49.0,17.0,2020.0,6.0,0,0,4687.0,487.0,-11.0,-50.0
2020-06-23,311.0,-48.0,90.0,-48.0,17.0,2020.0,6.0,1,0,4530.0,506.0,-10.0,-50.0
2020-06-24,316.0,-49.0,98.0,-47.0,17.0,2020.0,6.0,2,0,4389.0,442.0,-17.0,-50.0
2020-06-25,276.0,-49.0,102.0,-47.0,17.0,2020.0,6.0,3,0,4225.0,392.0,-13.0,-52.0
2020-06-26,268.0,-51.0,50.0,-48.0,18.0,2020.0,6.0,4,0,4192.0,385.0,-10.0,-50.0
2020-06-27,270.0,-59.0,-7.0,-49.0,11.0,2020.0,6.0,5,1,4251.0,364.0,-8.0,-20.0
2020-06-28,270.0,-56.0,22.0,-46.0,8.0,2020.0,6.0,6,1,4103.0,439.0,-6.0,-14.0
2020-06-29,262.0,-45.0,22.0,-50.0,17.0,2020.0,6.0,0,0,4003.0,454.0,-9.0,-51.0
2020-06-30,279.0,-45.0,34.0,-50.0,17.0,2020.0,6.0,1,0,3820.0,430.0,-15.0,-51.0
2020-07-01,259.0,-47.0,34.0,-49.0,17.0,2020.0,7.0,2,0,3596.0,401.0,-19.0,-49.0
2020-07-02,239.0,-47.0,39.0,-49.0,17.0,2020.0,7.0,3,0,3523.0,337.0,-14.0,-49.0
2020-07-03,231.0,-49.0,20.0,-49.0,18.0,2020.0,7.0,4,0,3535.0,254.0,-12.0,-49.0
2020-07-04,221.0,-51.0,13.0,-41.0,8.0,2020.0,7.0,5,1,3728.0,285.0,-13.0,-24.0
2020-07-05,217.0,-48.0,53.0,-37.0,6.0,2020.0,7.0,6,1,3361.0,391.0,-11.0,-17.0
2020-07-06,209.0,-36.0,76.0,-43.0,14.0,2020.0,7.0,0,0,3176.0,359.0,-12.0,-49.0
2020-07-07,197.0,-40.0,52.0,-45.0,16.0,2020.0,7.0,1,0,3058.0,366.0,-15.0,-48.0
2020-07-08,185.0,-42.0,29.0,-47.0,16.0,2020.0,7.0,2,0,2924.0,322.0,-18.0,-48.0
2020-07-09,188.0,-42.0,38.0,-46.0,16.0,2020.0,7.0,3,0,2782.0,337.0,-11.0,-48.0
2020-07-10,191.0,-41.0,67.0,-40.0,14.0,2020.0,7.0,4,0,2721.0,286.0,-12.0,-47.0
2020-07-11,168.0,-47.0,69.0,-32.0,6.0,2020.0,7.0,5,1,2678.0,207.0,-14.0,-18.0
2020-07-12,159.0,-43.0,103.0,-27.0,3.0,2020.0,7.0,6,1,2576.0,219.0,-12.0,-14.0
2020-07-13,162.0,-35.0,71.0,-42.0,14.0,2020.0,7.0,0,0,2432.0,294.0,-10.0,-48.0
2020-07-14,145.0,-36.0,73.0,-43.0,15.0,2020.0,7.0,1,0,2323.0,270.0,-12.0,-48.0
2020-07-15,153.0,-33.0,52.0,-47.0,15.0,2020.0,7.0,2,0,2224.0,214.0,-15.0,-47.0
2020-07-16,142.0,-31.0,85.0,-45.0,14.0,2020.0,7.0,3,0,2098.0,213.0,-11.0,-47.0
2020-07-17,143.0,-33.0,93.0,-41.0,13.0,2020.0,7.0,4,0,2082.0,199.0,-11.0,-46.0
2020-07-18,137.0,-40.0,61.0,-35.0,5.0,2020.0,7.0,5,1,2096.0,195.0,-13.0,-14.0
2020-07-19,131.0,-35.0,78.0,-32.0,3.0,2020.0,7.0,6,1,1977.0,202.0,-10.0,-10.0
2020-07-20,129.0,-25.0,114.0,-42.0,13.0,2020.0,7.0,0,0,1957.0,214.0,-10.0,-48.0
2020-07-21,137.0,-28.0,116.0,-43.0,13.0,2020.0,7.0,1,0,1814.0,205.0,-13.0,-48.0
2020-07-22,110.0,-29.0,89.0,-44.0,14.0,2020.0,7.0,2,0,1791.0,211.0,-16.0,-46.0
2020-07-23,111.0,-30.0,81.0,-45.0,14.0,2020.0,7.0,3,0,1760.0,175.0,-9.0,-45.0
2020-07-24,104.0,-32.0,95.0,-40.0,13.0,2020.0,7.0,4,0,1725.0,176.0,-10.0,-44.0
2020-07-25,93.0,-40.0,25.0,-37.0,6.0,2020.0,7.0,5,1,1715.0,114.0,-11.0,-14.0
2020-07-26,92.0,-33.0,78.0,-30.0,3.0,2020.0,7.0,6,1,1617.0,189.0,-9.0,-10.0
2020-07-27,97.0,-29.0,40.0,-46.0,14.0,2020.0,7.0,0,0,1732.0,186.0,-12.0,-48.0
2020-07-28,93.0,-26.0,100.0,-42.0,14.0,2020.0,7.0,1,0,1522.0,167.0,-16.0,-48.0
2020-07-29,87.0,-25.0,107.0,-41.0,13.0,2020.0,7.0,2,0,1435.0,166.0,-17.0,-46.0
2020-07-30,84.0,-23.0,120.0,-41.0,13.0,2020.0,7.0,3,0,1384.0,144.0,-14.0,-47.0
2020-07-31,86.0,-29.0,120.0,-37.0,11.0,2020.0,7.0,4,0,1366.0,103.0,-10.0,-46.0
2020-08-01,92.0,-36.0,72.0,-30.0,4.0,2020.0,8.0,5,1,1353.0,125.0,-10.0,-15.0
2020-08-02,85.0,-28.0,93.0,-27.0,2.0,2020.0,8.0,6,1,1352.0,129.0,-7.0,-9.0
2020-08-03,77.0,-15.0,115.0,-39.0,11.0,2020.0,8.0,0,0,1332.0,125.0,-11.0,-51.0
2020-08-04,76.0,-19.0,89.0,-42.0,13.0,2020.0,8.0,1,0,1298.0,157.0,-14.0,-48.0
2020-08-05,73.0,-16.0,86.0,-43.0,13.0,2020.0,8.0,2,0,1249.0,198.0,-15.0,-48.0
2020-08-06,69.0,-23.0,120.0,-42.0,12.0,2020.0,8.0,3,0,1272.0,156.0,-11.0,-48.0
2020-08-07,67.0,-28.0,114.0,-39.0,11.0,2020.0,8.0,4,0,1235.0,119.0,-13.0,-48.0
2020-08-08,62.0,-35.0,92.0,-31.0,3.0,2020.0,8.0,5,1,1234.0,109.0,-13.0,-14.0
2020-08-09,65.0,-28.0,103.0,-27.0,1.0,2020.0,8.0,6,1,1198.0,128.0,-10.0,-9.0
2020-08-10,70.0,-11.0,118.0,-40.0,11.0,2020.0,8.0,0,0,1184.0,118.0,-12.0,-49.0
2020-08-11,73.0,-13.0,118.0,-41.0,12.0,2020.0,8.0,1,0,1137.0,130.0,-14.0,-49.0
2020-08-12,80.0,-14.0,100.0,-42.0,12.0,2020.0,8.0,2,0,1078.0,132.0,-15.0,-48.0
2020-08-13,75.0,-24.0,89.0,-43.0,13.0,2020.0,8.0,3,0,1010.0,112.0,-11.0,-48.0
2020-08-14,73.0,-26.0,76.0,-39.0,12.0,2020.0,8.0,4,0,965.0,127.0,-11.0,-48.0
2020-08-15,76.0,-33.0,50.0,-33.0,4.0,2020.0,8.0,5,1,1070.0,92.0,-11.0,-13.0
2020-08-16,78.0,-29.0,52.0,-32.0,3.0,2020.0,8.0,6,1,1021.0,108.0,-10.0,-8.0
2020-08-17,73.0,-9.0,80.0,-41.0,11.0,2020.0,8.0,0,0,986.0,124.0,-12.0,-48.0
2020-08-18,73.0,-11.0,93.0,-41.0,12.0,2020.0,8.0,1,0,989.0,139.0,-15.0,-48.0
2020-08-19,70.0,-15.0,39.0,-44.0,13.0,2020.0,8.0,2,0,977.0,98.0,-18.0,-47.0
2020-08-20,76.0,-19.0,121.0,-40.0,11.0,2020.0,8.0,3,0,956.0,118.0,-14.0,-48.0
2020-08-21,72.0,-26.0,56.0,-40.0,12.0,2020.0,8.0,4,0,961.0,138.0,-13.0,-46.0
2020-08-22,71.0,-31.0,53.0,-32.0,4.0,2020.0,8.0,5,1,960.0,105.0,-17.0,-13.0
2020-08-23,72.0,-26.0,64.0,-29.0,2.0,2020.0,8.0,6,1,927.0,87.0,-10.0,-10.0
2020-08-24,68.0,-3.0,105.0,-38.0,10.0,2020.0,8.0,0,0,896.0,113.0,-13.0,-48.0
2020-08-25,68.0,-13.0,31.0,-45.0,13.0,2020.0,8.0,1,0,877.0,98.0,-15.0,-46.0
2020-08-26,64.0,-3.0,90.0,-38.0,11.0,2020.0,8.0,2,0,852.0,127.0,-17.0,-46.0
2020-08-27,71.0,-21.0,55.0,-42.0,12.0,2020.0,8.0,3,0,907.0,100.0,-12.0,-46.0
2020-08-28,60.0,-20.0,51.0,-37.0,11.0,2020.0,8.0,4,0,834.0,99.0,-16.0,-45.0
2020-08-29,66.0,-27.0,49.0,-29.0,3.0,2020.0,8.0,5,1,840.0,80.0,-11.0,-11.0
2020-08-30,68.0,-15.0,94.0,-23.0,1.0,2020.0,8.0,6,1,809.0,91.0,-12.0,-7.0
2020-08-31,71.0,3.0,152.0,-43.0,14.0,2020.0,8.0,0,0,798.0,124.0,-9.0,-46.0
2020-09-01,82.0,-15.0,94.0,-37.0,10.0,2020.0,9.0,1,0,805.0,110.0,-13.0,-47.0
2020-09-02,81.0,-20.0,48.0,-41.0,11.0,2020.0,9.0,2,0,781.0,95.0,-14.0,-44.0
2020-09-03,76.0,-20.0,58.0,-40.0,11.0,2020.0,9.0,3,0,794.0,107.0,-17.0,-45.0
2020-09-04,69.0,-21.0,61.0,-35.0,9.0,2020.0,9.0,4,0,790.0,71.0,-6.0,-45.0
2020-09-05,67.0,-26.0,56.0,-30.0,3.0,2020.0,9.0,5,1,810.0,74.0,-11.0,-12.0
2020-09-06,69.0,-21.0,69.0,-27.0,2.0,2020.0,9.0,6,1,814.0,90.0,-10.0,-7.0
2020-09-07,77.0,-17.0,58.0,-36.0,9.0,2020.0,9.0,0,0,759.0,119.0,-10.0,-68.0
2020-09-08,80.0,-19.0,74.0,-35.0,9.0,2020.0,9.0,1,0,773.0,130.0,-12.0,-44.0
2020-09-09,80.0,-20.0,67.0,-36.0,9.0,2020.0,9.0,2,0,777.0,148.0,-12.0,-42.0
2020-09-10,78.0,-20.0,78.0,-36.0,9.0,2020.0,9.0,3,0,770.0,135.0,-10.0,-42.0
2020-09-11,143.0,-22.0,62.0,-32.0,8.0,2020.0,9.0,4,0,775.0,108.0,-10.0,-40.0
2020-09-12,86.0,-27.0,61.0,-28.0,3.0,2020.0,9.0,5,1,861.0,74.0,-11.0,-10.0
2020-09-13,92.0,-21.0,94.0,-24.0,1.0,2020.0,9.0,6,1,850.0,87.0,-9.0,-7.0
2020-09-14,105.0,-17.0,104.0,-32.0,8.0,2020.0,9.0,0,0,880.0,132.0,-9.0,-43.0
2020-09-15,115.0,-19.0,91.0,-34.0,9.0,2020.0,9.0,1,0,900.0,145.0,-11.0,-42.0
2020-09-16,124.0,-21.0,71.0,-35.0,9.0,2020.0,9.0,2,0,721.0,143.0,-12.0,-39.0
2020-09-17,127.0,-20.0,88.0,-35.0,9.0,2020.0,9.0,3,0,760.0,154.0,-9.0,-40.0
2020-09-18,138.0,-22.0,75.0,-32.0,8.0,2020.0,9.0,4,0,788.0,129.0,-9.0,-38.0
2020-09-19,144.0,-27.0,67.0,-29.0,3.0,2020.0,9.0,5,1,928.0,136.0,-11.0,-9.0
2020-09-20,165.0,-22.0,85.0,-26.0,2.0,2020.0,9.0,6,1,1013.0,144.0,-9.0,-7.0
2020-09-21,181.0,-17.0,86.0,-34.0,8.0,2020.0,9.0,0,0,1056.0,179.0,-9.0,-36.0
2020-09-22,211.0,-22.0,64.0,-36.0,9.0,2020.0,9.0,1,0,1110.0,201.0,-11.0,-36.0
2020-09-23,228.0,-27.0,20.0,-40.0,11.0,2020.0,9.0,2,0,1169.0,213.0,-12.0,-36.0
2020-09-24,243.0,-26.0,28.0,-41.0,11.0,2020.0,9.0,3,0,1248.0,225.0,-8.0,-36.0
2020-09-25,262.0,-25.0,29.0,-37.0,10.0,2020.0,9.0,4,0,1343.0,214.0,-9.0,-35.0
2020-09-26,261.0,-28.0,28.0,-34.0,5.0,2020.0,9.0,5,1,1497.0,224.0,-11.0,-10.0
2020-09-27,276.0,-25.0,45.0,-32.0,3.0,2020.0,9.0,6,1,1574.0,254.0,-9.0,-7.0
2020-09-28,297.0,-19.0,45.0,-38.0,10.0,2020.0,9.0,0,0,1665.0,268.0,-7.0,-37.0
2020-09-29,314.0,-22.0,47.0,-38.0,10.0,2020.0,9.0,1,0,1777.0,281.0,-10.0,-36.0
2020-09-30,333.0,-26.0,4.0,-40.0,11.0,2020.0,9.0,2,0,1951.0,262.0,-13.0,-35.0
2020-10-01,341.0,-23.0,36.0,-39.0,10.0,2020.0,10.0,3,0,1958.0,261.0,-8.0,-35.0
2020-10-02,369.0,-30.0,4.0,-37.0,11.0,2020.0,10.0,4,0,2109.0,258.0,-8.0,-34.0
2020-10-03,369.0,-34.0,-20.0,-40.0,7.0,2020.0,10.0,5,1,2312.0,285.0,-11.0,-9.0
2020-10-04,369.0,-31.0,-4.0,-38.0,5.0,2020.0,10.0,6,1,2330.0,366.0,-6.0,-7.0
2020-10-05,393.0,-24.0,23.0,-37.0,10.0,2020.0,10.0,0,0,2439.0,347.0,-10.0,-35.0
2020-10-06,410.0,-26.0,20.0,-38.0,10.0,2020.0,10.0,1,0,2494.0,415.0,-12.0,-34.0
2020-10-07,442.0,-24.0,31.0,-38.0,10.0,2020.0,10.0,2,0,2631.0,417.0,-15.0,-34.0
2020-10-08,436.0,-27.0,21.0,-41.0,11.0,2020.0,10.0,3,0,2770.0,378.0,-10.0,-32.0
2020-10-09,440.0,-28.0,19.0,-37.0,10.0,2020.0,10.0,4,0,2952.0,345.0,-9.0,-32.0
2020-10-10,469.0,-31.0,14.0,-37.0,6.0,2020.0,10.0,5,1,3260.0,336.0,-9.0,-12.0
2020-10-11,477.0,-27.0,49.0,-33.0,4.0,2020.0,10.0,6,1,3531.0,434.0,-9.0,-9.0
2020-10-12,507.0,-27.0,9.0,-40.0,11.0,2020.0,10.0,0,0,3781.0,435.0,-8.0,-34.0
2020-10-13,516.0,-29.0,14.0,-41.0,11.0,2020.0,10.0,1,0,3969.0,446.0,-10.0,-34.0
2020-10-14,563.0,-27.0,23.0,-40.0,11.0,2020.0,10.0,2,0,4062.0,521.0,-13.0,-32.0
2020-10-15,581.0,-27.0,29.0,-40.0,11.0,2020.0,10.0,3,0,4237.0,531.0,-12.0,-33.0
2020-10-16,592.0,-27.0,25.0,-37.0,11.0,2020.0,10.0,4,0,4545.0,529.0,-11.0,-31.0
2020-10-17,614.0,-33.0,18.0,-40.0,7.0,2020.0,10.0,5,1,4824.0,629.0,-9.0,-8.0
2020-10-18,630.0,-30.0,36.0,-38.0,5.0,2020.0,10.0,6,1,5145.0,622.0,-7.0,-6.0
2020-10-19,658.0,-26.0,27.0,-41.0,11.0,2020.0,10.0,0,0,5438.0,724.0,-6.0,-35.0
2020-10-20,698.0,-28.0,28.0,-41.0,12.0,2020.0,10.0,1,0,5775.0,686.0,-9.0,-35.0
2020-10-21,712.0,-31.0,-2.0,-44.0,13.0,2020.0,10.0,2,0,6127.0,706.0,-13.0,-33.0
2020-10-22,708.0,-26.0,34.0,-42.0,12.0,2020.0,10.0,3,0,6362.0,708.0,-10.0,-33.0
2020-10-23,744.0,-28.0,19.0,-41.0,12.0,2020.0,10.0,4,0,6638.0,709.0,-9.0,-32.0
2020-10-24,788.0,-38.0,-10.0,-44.0,8.0,2020.0,10.0,5,1,7136.0,821.0,-11.0,-10.0
2020-10-25,828.0,-29.0,32.0,-39.0,5.0,2020.0,10.0,6,1,7656.0,879.0,-6.0,-9.0
2020-10-26,853.0,-21.0,42.0,-44.0,13.0,2020.0,10.0,0,0,7925.0,1011.0,-6.0,-35.0
2020-10-27,903.0,-27.0,10.0,-47.0,14.0,2020.0,10.0,1,0,8090.0,971.0,-12.0,-35.0
2020-10-28,957.0,-23.0,27.0,-45.0,14.0,2020.0,10.0,2,0,8653.0,1036.0,-10.0,-35.0
2020-10-29,974.0,-27.0,4.0,-48.0,15.0,2020.0,10.0,3,0,9019.0,909.0,-9.0,-34.0
2020-10-30,979.0,-26.0,25.0,-43.0,13.0,2020.0,10.0,4,0,9538.0,1015.0,-10.0,-35.0
2020-10-31,1003.0,-38.0,-15.0,-44.0,8.0,2020.0,10.0,5,1,9865.0,1081.0,-8.0,-13.0
2020-11-01,979.0,-29.0,-4.0,-40.0,5.0,2020.0,11.0,6,1,10678.0,1089.0,-9.0,-10.0
2020-11-02,1075.0,-17.0,8.0,-40.0,11.0,2020.0,11.0,0,0,11184.0,1184.0,-5.0,-45.0
2020-11-03,1144.0,-17.0,6.0,-39.0,11.0,2020.0,11.0,1,0,11321.0,1248.0,-9.0,-45.0
2020-11-04,1193.0,-11.0,19.0,-36.0,10.0,2020.0,11.0,2,0,11525.0,1267.0,-13.0,-43.0
2020-11-05,1183.0,-54.0,8.0,-52.0,16.0,2020.0,11.0,3,0,12031.0,1284.0,-7.0,-44.0
2020-11-06,1187.0,-55.0,5.0,-52.0,17.0,2020.0,11.0,4,0,11947.0,1250.0,-6.0,-42.0
2020-11-07,1207.0,-60.0,13.0,-58.0,13.0,2020.0,11.0,5,1,12815.0,1413.0,-4.0,-13.0
2020-11-08,1232.0,-60.0,5.0,-57.0,10.0,2020.0,11.0,6,1,13456.0,1532.0,-14.0,-10.0
2020-11-09,1271.0,-47.0,5.0,-50.0,15.0,2020.0,11.0,0,0,13521.0,1476.0,-12.0,-34.0
2020-11-10,1219.0,-48.0,14.0,-49.0,15.0,2020.0,11.0,1,0,13485.0,1486.0,-16.0,-33.0
2020-11-11,1268.0,-49.0,-1.0,-51.0,16.0,2020.0,11.0,2,0,13642.0,1565.0,-20.0,-31.0
2020-11-12,1275.0,-48.0,19.0,-50.0,16.0,2020.0,11.0,3,0,13991.0,1368.0,-15.0,-38.0
2020-11-13,1355.0,-49.0,7.0,-50.0,16.0,2020.0,11.0,4,0,14211.0,1444.0,-13.0,-38.0
2020-11-14,1365.0,-59.0,-29.0,-59.0,13.0,2020.0,11.0,5,1,14804.0,1489.0,-14.0,-28.0
2020-11-15,1397.0,-57.0,-5.0,-57.0,10.0,2020.0,11.0,6,1,14622.0,1555.0,-10.0,-28.0
2020-11-16,1391.0,-46.0,2.0,-50.0,15.0,2020.0,11.0,0,0,15326.0,1505.0,-8.0,-39.0
2020-11-17,1420.0,-48.0,6.0,-50.0,15.0,2020.0,11.0,1,0,15538.0,1661.0,-16.0,-39.0
2020-11-18,1430.0,-49.0,-7.0,-51.0,16.0,2020.0,11.0,2,0,15903.0,1563.0,-19.0,-38.0
2020-11-19,1426.0,-48.0,6.0,-51.0,16.0,2020.0,11.0,3,0,15976.0,1391.0,-14.0,-39.0
2020-11-20,1422.0,-50.0,-17.0,-51.0,17.0,2020.0,11.0,4,0,16535.0,1536.0,-12.0,-38.0
2020-11-21,1447.0,-56.0,-8.0,-56.0,12.0,2020.0,11.0,5,1,16975.0,1672.0,-13.0,-28.0
2020-11-22,1454.0,-53.0,25.0,-53.0,9.0,2020.0,11.0,6,1,17109.0,1750.0,-10.0,-28.0
2020-11-23,1487.0,-44.0,4.0,-50.0,15.0,2020.0,11.0,0,0,17155.0,1843.0,-8.0,-39.0
2020-11-24,1489.0,-47.0,3.0,-50.0,15.0,2020.0,11.0,1,0,17127.0,1956.0,-12.0,-39.0
2020-11-25,1480.0,-47.0,-5.0,-51.0,16.0,2020.0,11.0,2,0,16857.0,1898.0,-15.0,-38.0
2020-11-26,1456.0,-46.0,10.0,-51.0,15.0,2020.0,11.0,3,0,16726.0,1636.0,-12.0,-39.0
2020-11-27,1417.0,-47.0,-2.0,-50.0,16.0,2020.0,11.0,4,0,16921.0,1603.0,-10.0,-38.0
2020-11-28,1378.0,-55.0,-11.0,-55.0,12.0,2020.0,11.0,5,1,17333.0,1656.0,-12.0,-26.0
2020-11-29,1387.0,-53.0,5.0,-54.0,9.0,2020.0,11.0,6,1,17063.0,1753.0,-9.0,-26.0
2020-11-30,1357.0,-41.0,-9.0,-49.0,14.0,2020.0,11.0,0,0,16767.0,1701.0,-7.0,-39.0
2020-12-01,1351.0,-43.0,7.0,-48.0,14.0,2020.0,12.0,1,0,16401.0,1771.0,-12.0,-38.0
2020-12-02,1315.0,-31.0,-7.0,-45.0,13.0,2020.0,12.0,2,0,16208.0,1668.0,-15.0,-37.0
2020-12-03,1261.0,-34.0,-20.0,-46.0,14.0,2020.0,12.0,3,0,15614.0,1528.0,-9.0,-37.0
2020-12-04,1274.0,-35.0,-18.0,-44.0,14.0,2020.0,12.0,4,0,15932.0,1444.0,-7.0,-38.0
2020-12-05,1247.0,-36.0,-8.0,-41.0,8.0,2020.0,12.0,5,1,16175.0,1478.0,-6.0,-24.0
2020-12-06,1249.0,-36.0,1.0,-41.0,7.0,2020.0,12.0,6,1,15920.0,1576.0,-8.0,-24.0
2020-12-07,1271.0,-26.0,-4.0,-43.0,12.0,2020.0,12.0,0,0,15581.0,1472.0,-5.0,-37.0
2020-12-08,1272.0,-31.0,-7.0,-44.0,12.0,2020.0,12.0,1,0,15264.0,1590.0,-6.0,-36.0
2020-12-09,1243.0,-31.0,-5.0,-44.0,13.0,2020.0,12.0,2,0,15330.0,1408.0,-10.0,-32.0
2020-12-10,1267.0,-32.0,-1.0,-44.0,13.0,2020.0,12.0,3,0,15289.0,1254.0,-5.0,-33.0
2020-12-11,1275.0,-33.0,-5.0,-41.0,13.0,2020.0,12.0,4,0,15557.0,1202.0,-5.0,-33.0
2020-12-12,1243.0,-37.0,-5.0,-39.0,8.0,2020.0,12.0,5,1,16024.0,1375.0,-5.0,-13.0
2020-12-13,1281.0,-41.0,-31.0,-45.0,8.0,2020.0,12.0,6,1,16079.0,1383.0,-3.0,-13.0
2020-12-14,1288.0,-25.0,2.0,-42.0,12.0,2020.0,12.0,0,0,15942.0,1471.0,-2.0,-34.0
2020-12-15,1326.0,-25.0,10.0,-41.0,12.0,2020.0,12.0,1,0,16330.0,1464.0,-5.0,-33.0
2020-12-16,1340.0,-33.0,-14.0,-46.0,14.0,2020.0,12.0,2,0,16507.0,1482.0,-13.0,-32.0
2020-12-17,1366.0,-29.0,12.0,-44.0,13.0,2020.0,12.0,3,0,16524.0,1413.0,-2.0,-33.0
2020-12-18,1364.0,-33.0,-14.0,-45.0,15.0,2020.0,12.0,4,0,17149.0,1364.0,0.0,-32.0
2020-12-19,1412.0,-40.0,-10.0,-41.0,8.0,2020.0,12.0,5,1,17850.0,1462.0,-3.0,-12.0
2020-12-20,1442.0,-43.0,5.0,-45.0,7.0,2020.0,12.0,6,1,17804.0,1646.0,2.0,-14.0
2020-12-21,1512.0,-26.0,-8.0,-52.0,16.0,2020.0,12.0,0,0,18254.0,1759.0,-1.0,-35.0
2020-12-22,1529.0,-26.0,14.0,-52.0,16.0,2020.0,12.0,1,0,18563.0,1737.0,-3.0,-34.0
2020-12-23,1554.0,-27.0,-12.0,-54.0,18.0,2020.0,12.0,2,0,18718.0,1737.0,-7.0,-34.0
2020-12-24,1607.0,-35.0,19.0,-59.0,21.0,2020.0,12.0,3,0,19062.0,1681.0,12.0,-35.0
2020-12-25,1616.0,-92.0,-25.0,-85.0,27.0,2020.0,12.0,4,0,19595.0,1776.0,17.0,-37.0
2020-12-26,1682.0,-81.0,-34.0,-76.0,15.0,2020.0,12.0,5,1,20722.0,1745.0,23.0,-13.0
2020-12-27,1751.0,-58.0,3.0,-59.0,10.0,2020.0,12.0,6,1,21085.0,1934.0,14.0,-13.0
2020-12-28,1847.0,-51.0,16.0,-70.0,26.0,2020.0,12.0,0,0,20821.0,1925.0,-89.0,-49.0
2020-12-29,1939.0,-47.0,14.0,-64.0,24.0,2020.0,12.0,1,0,21171.0,2062.0,-63.0,-50.0
2020-12-30,2066.0,-42.0,18.0,-63.0,23.0,2020.0,12.0,2,0,20511.0,2119.0,-24.0,-53.0
2020-12-31,2122.0,-53.0,14.0,-67.0,24.0,2020.0,12.0,3,0,21306.0,1905.0,-24.0,-65.0
2021-01-01,2162.0,-83.0,-5.0,-82.0,32.0,2021.0,1.0,4,0,22313.0,2030.0,-11.0,-85.0
2021-01-02,2256.0,-68.0,-12.0,-66.0,16.0,2021.0,1.0,5,1,23598.0,2151.0,-3.0,-54.0
2021-01-03,2420.0,-64.0,-8.0,-62.0,11.0,2021.0,1.0,6,1,25088.0,2343.0,2.0,-29.0
2021-01-04,2560.0,-53.0,-16.0,-62.0,19.0,2021.0,1.0,0,0,26069.0,2457.0,-64.0,-77.0
2021-01-05,2645.0,-61.0,-18.0,-63.0,20.0,2021.0,1.0,1,0,26091.0,2253.0,-24.0,-68.0
2021-01-06,2821.0,-62.0,-13.0,-63.0,21.0,2021.0,1.0,2,0,25881.0,2061.0,-24.0,-66.0
2021-01-07,2929.0,-62.0,-9.0,-64.0,21.0,2021.0,1.0,3,0,27039.0,2164.0,-17.0,-69.0
2021-01-08,3098.0,-64.0,-21.0,-64.0,22.0,2021.0,1.0,4,0,28500.0,2505.0,-21.0,-83.0
2021-01-09,3145.0,-68.0,-14.0,-65.0,15.0,2021.0,1.0,5,1,30238.0,2834.0,-22.0,-39.0
2021-01-10,3264.0,-68.0,-13.0,-65.0,12.0,2021.0,1.0,6,1,30158.0,3116.0,-22.0,-29.0
2021-01-11,3363.0,-59.0,-16.0,-63.0,20.0,2021.0,1.0,0,0,31420.0,3226.0,-23.0,-49.0
2021-01-12,3496.0,-61.0,-7.0,-63.0,20.0,2021.0,1.0,1,0,32059.0,3253.0,-22.0,-50.0
2021-01-13,3626.0,-64.0,-30.0,-65.0,21.0,2021.0,1.0,2,0,33258.0,2885.0,-27.0,-49.0
2021-01-14,3672.0,-66.0,-28.0,-66.0,22.0,2021.0,1.0,3,0,33506.0,3329.0,-25.0,-50.0
2021-01-15,3789.0,-64.0,-15.0,-64.0,21.0,2021.0,1.0,4,0,34855.0,3416.0,-24.0,-49.0
2021-01-16,3854.0,-70.0,-31.0,-67.0,15.0,2021.0,1.0,5,1,36217.0,3623.0,-27.0,-33.0
2021-01-17,3871.0,-67.0,8.0,-63.0,11.0,2021.0,1.0,6,1,36445.0,3911.0,-29.0,-31.0
2021-01-18,3916.0,-60.0,-10.0,-63.0,19.0,2021.0,1.0,0,0,36964.0,4098.0,-23.0,-50.0
2021-01-19,3947.0,-63.0,-23.0,-64.0,20.0,2021.0,1.0,1,0,37161.0,4374.0,-26.0,-51.0
2021-01-20,3953.0,-65.0,-35.0,-66.0,21.0,2021.0,1.0,2,0,37611.0,4266.0,-27.0,-50.0
2021-01-21,3960.0,-62.0,-6.0,-64.0,20.0,2021.0,1.0,3,0,37180.0,3970.0,-25.0,-53.0
2021-01-22,4076.0,-62.0,-3.0,-63.0,21.0,2021.0,1.0,4,0,37638.0,4098.0,-27.0,-51.0
2021-01-23,4066.0,-67.0,-12.0,-64.0,14.0,2021.0,1.0,5,1,38745.0,3905.0,-28.0,-35.0
2021-01-24,4077.0,-71.0,-4.0,-66.0,12.0,2021.0,1.0,6,1,38357.0,4282.0,-23.0,-31.0
2021-01-25,4032.0,-59.0,-1.0,-62.0,19.0,2021.0,1.0,0,0,38262.0,4548.0,-20.0,-51.0
2021-01-26,3961.0,-62.0,-27.0,-64.0,20.0,2021.0,1.0,1,0,37577.0,4205.0,-22.0,-52.0
2021-01-27,3937.0,-60.0,-13.0,-63.0,20.0,2021.0,1.0,2,0,37771.0,4050.0,-31.0,-51.0
2021-01-28,3918.0,-61.0,-12.0,-63.0,20.0,2021.0,1.0,3,0,36911.0,3648.0,-23.0,-51.0
2021-01-29,3832.0,-60.0,-11.0,-61.0,20.0,2021.0,1.0,4,0,37234.0,3902.0,-25.0,-49.0
2021-01-30,3806.0,-67.0,-37.0,-67.0,15.0,2021.0,1.0,5,1,37271.0,3725.0,-21.0,-33.0
2021-01-31,3687.0,-65.0,-3.0,-63.0,11.0,2021.0,1.0,6,1,36633.0,4039.0,-21.0,-34.0
2021-02-01,3726.0,-56.0,0.0,-60.0,18.0,2021.0,2.0,0,0,35075.0,4137.0,-16.0,-52.0
2021-02-02,3635.0,-61.0,-13.0,-62.0,20.0,2021.0,2.0,1,0,34481.0,4023.0,-22.0,-51.0
2021-02-03,3628.0,-60.0,-13.0,-63.0,20.0,2021.0,2.0,2,0,33440.0,3594.0,-24.0,-50.0
2021-02-04,3572.0,-60.0,-12.0,-64.0,20.0,2021.0,2.0,3,0,32611.0,3358.0,-21.0,-50.0
2021-02-05,3505.0,-59.0,-1.0,-61.0,20.0,2021.0,2.0,4,0,32178.0,3095.0,-24.0,-49.0
2021-02-06,3373.0,-65.0,-21.0,-64.0,14.0,2021.0,2.0,5,1,32572.0,3089.0,-21.0,-33.0
2021-02-07,3302.0,-68.0,-23.0,-67.0,11.0,2021.0,2.0,6,1,31400.0,2905.0,-20.0,-30.0
2021-02-08,3230.0,-60.0,-13.0,-63.0,19.0,2021.0,2.0,0,0,30251.0,3124.0,-14.0,-49.0
2021-02-09,3164.0,-61.0,-12.0,-63.0,20.0,2021.0,2.0,1,0,29078.0,3046.0,-19.0,-51.0
2021-02-10,3132.0,-59.0,-8.0,-62.0,20.0,2021.0,2.0,2,0,28063.0,3019.0,-27.0,-49.0
2021-02-11,3036.0,-58.0,-8.0,-63.0,20.0,2021.0,2.0,3,0,26600.0,2671.0,-24.0,-49.0
2021-02-12,2943.0,-58.0,-14.0,-62.0,20.0,2021.0,2.0,4,0,26486.0,2444.0,-21.0,-48.0
2021-02-13,2842.0,-63.0,-28.0,-65.0,14.0,2021.0,2.0,5,1,26452.0,2388.0,-17.0,-31.0
2021-02-14,2851.0,-65.0,-28.0,-65.0,11.0,2021.0,2.0,6,1,25404.0,2585.0,-15.0,-32.0
2021-02-15,2805.0,-52.0,18.0,-60.0,18.0,2021.0,2.0,0,0,24152.0,2468.0,-10.0,-52.0
2021-02-16,2708.0,-55.0,5.0,-61.0,19.0,2021.0,2.0,1,0,23160.0,2342.0,-11.0,-52.0
2021-02-17,2614.0,-55.0,1.0,-61.0,20.0,2021.0,2.0,2,0,22093.0,2127.0,-21.0,-50.0
2021-02-18,2535.0,-55.0,13.0,-61.0,20.0,2021.0,2.0,3,0,20741.0,1984.0,-16.0,-49.0
2021-02-19,2469.0,-57.0,-7.0,-61.0,20.0,2021.0,2.0,4,0,20820.0,1879.0,-13.0,-48.0
2021-02-20,2358.0,-62.0,-4.0,-61.0,13.0,2021.0,2.0,5,1,20765.0,1843.0,-16.0,-31.0
2021-02-21,2329.0,-60.0,27.0,-57.0,10.0,2021.0,2.0,6,1,20000.0,1908.0,-13.0,-30.0
2021-02-22,2273.0,-52.0,13.0,-59.0,17.0,2021.0,2.0,0,0,19238.0,1727.0,-12.0,-53.0
2021-02-23,2143.0,-55.0,7.0,-59.0,18.0,2021.0,2.0,1,0,18321.0,1718.0,-14.0,-52.0
2021-02-24,2118.0,-54.0,6.0,-59.0,19.0,2021.0,2.0,2,0,17673.0,1663.0,-18.0,-51.0
2021-02-25,2047.0,-53.0,22.0,-59.0,18.0,2021.0,2.0,3,0,16856.0,1504.0,-16.0,-52.0
2021-02-26,1971.0,-51.0,38.0,-56.0,18.0,2021.0,2.0,4,0,16676.0,1423.0,-15.0,-51.0
2021-02-27,1903.0,-56.0,38.0,-56.0,11.0,2021.0,2.0,5,1,16687.0,1530.0,-13.0,-28.0
2021-02-28,1783.0,-55.0,48.0,-55.0,9.0,2021.0,2.0,6,1,15930.0,1494.0,-10.0,-26.0
2021-03-01,1806.0,-49.0,20.0,-57.0,17.0,2021.0,3.0,0,0,15378.0,1487.0,-5.0,-47.0
2021-03-02,1709.0,-52.0,16.0,-58.0,17.0,2021.0,3.0,1,0,14695.0,1403.0,-9.0,-47.0
2021-03-03,1647.0,-54.0,-7.0,-59.0,18.0,2021.0,3.0,2,0,13931.0,1328.0,-12.0,-46.0
2021-03-04,1589.0,-54.0,-1.0,-59.0,18.0,2021.0,3.0,3,0,13120.0,1272.0,-12.0,-46.0
2021-03-05,1542.0,-53.0,8.0,-57.0,18.0,2021.0,3.0,4,0,12645.0,1082.0,-12.0,-45.0
2021-03-06,1449.0,-57.0,10.0,-58.0,12.0,2021.0,3.0,5,1,12743.0,1152.0,-13.0,-25.0
2021-03-07,1394.0,-56.0,30.0,-56.0,9.0,2021.0,3.0,6,1,12003.0,1114.0,-10.0,-23.0
2021-03-08,1356.0,-47.0,16.0,-54.0,15.0,2021.0,3.0,0,0,11403.0,1114.0,-6.0,-46.0
2021-03-09,1292.0,-49.0,31.0,-52.0,15.0,2021.0,3.0,1,0,10819.0,1015.0,-9.0,-46.0
2021-03-10,1236.0,-55.0,-26.0,-57.0,17.0,2021.0,3.0,2,0,10206.0,965.0,-12.0,-46.0
2021-03-11,1192.0,-53.0,-4.0,-55.0,17.0,2021.0,3.0,3,0,9607.0,855.0,-8.0,-46.0
2021-03-12,1110.0,-52.0,-1.0,-53.0,16.0,2021.0,3.0,4,0,9355.0,737.0,-8.0,-44.0
2021-03-13,1087.0,-56.0,-11.0,-58.0,12.0,2021.0,3.0,5,1,9364.0,773.0,-12.0,-24.0
2021-03-14,1049.0,-58.0,4.0,-54.0,8.0,2021.0,3.0,6,1,8899.0,810.0,-6.0,-22.0
2021-03-15,1016.0,-47.0,23.0,-51.0,14.0,2021.0,3.0,0,0,8342.0,833.0,-1.0,-44.0
2021-03-16,968.0,-49.0,23.0,-51.0,15.0,2021.0,3.0,1,0,7969.0,712.0,2.0,-43.0
2021-03-17,925.0,-49.0,26.0,-51.0,15.0,2021.0,3.0,2,0,7632.0,701.0,-10.0,-42.0
2021-03-18,879.0,-51.0,18.0,-52.0,16.0,2021.0,3.0,3,0,7290.0,593.0,-9.0,-42.0
2021-03-19,830.0,-51.0,25.0,-50.0,16.0,2021.0,3.0,4,0,7224.0,633.0,-8.0,-40.0
2021-03-20,787.0,-57.0,16.0,-55.0,11.0,2021.0,3.0,5,1,7115.0,531.0,-7.0,-23.0
2021-03-21,768.0,-55.0,42.0,-53.0,8.0,2021.0,3.0,6,1,6754.0,565.0,-5.0,-14.0
2021-03-22,748.0,-45.0,42.0,-49.0,14.0,2021.0,3.0,0,0,6487.0,572.0,-2.0,-41.0
2021-03-23,711.0,-48.0,28.0,-50.0,14.0,2021.0,3.0,1,0,6051.0,567.0,-7.0,-41.0
2021-03-24,682.0,-48.0,28.0,-51.0,15.0,2021.0,3.0,2,0,5781.0,542.0,-11.0,-40.0
2021-03-25,630.0,-49.0,26.0,-51.0,15.0,2021.0,3.0,3,0,5468.0,472.0,-6.0,-40.0
2021-03-26,615.0,-51.0,-1.0,-51.0,16.0,2021.0,3.0,4,0,5355.0,459.0,-6.0,-39.0
2021-03-27,594.0,-55.0,19.0,-54.0,11.0,2021.0,3.0,5,1,5349.0,428.0,-5.0,-22.0
2021-03-28,582.0,-58.0,-1.0,-57.0,9.0,2021.0,3.0,6,1,5068.0,501.0,-3.0,-19.0
2021-03-29,583.0,-41.0,71.0,-48.0,13.0,2021.0,3.0,0,0,4797.0,436.0,-1.0,-40.0
2021-03-30,568.0,-42.0,110.0,-46.0,13.0,2021.0,3.0,1,0,4510.0,438.0,-5.0,-40.0
2021-03-31,547.0,-42.0,69.0,-47.0,14.0,2021.0,3.0,2,0,4414.0,446.0,-14.0,-39.0
2021-04-01,517.0,-39.0,53.0,-47.0,13.0,2021.0,4.0,3,0,4365.0,370.0,-2.0,-40.0
2021-04-02,485.0,-49.0,77.0,-58.0,21.0,2021.0,4.0,4,0,4112.0,360.0,1.0,-39.0
2021-04-03,478.0,-55.0,35.0,-52.0,9.0,2021.0,4.0,5,1,4133.0,360.0,4.0,-21.0
2021-04-04,469.0,-69.0,72.0,-49.0,6.0,2021.0,4.0,6,1,3919.0,362.0,15.0,-22.0
2021-04-05,461.0,-47.0,65.0,-65.0,23.0,2021.0,4.0,0,0,3682.0,366.0,0.0,-42.0
2021-04-06,453.0,-45.0,34.0,-53.0,16.0,2021.0,4.0,1,0,3497.0,346.0,2.0,-42.0
2021-04-07,440.0,-46.0,35.0,-53.0,16.0,2021.0,4.0,2,0,3319.0,340.0,-40.0,-41.0
2021-04-08,421.0,-46.0,46.0,-53.0,16.0,2021.0,4.0,3,0,3194.0,291.0,-13.0,-42.0
2021-04-09,405.0,-48.0,44.0,-51.0,16.0,2021.0,4.0,4,0,3178.0,271.0,-3.0,-68.0
2021-04-10,385.0,-57.0,11.0,-53.0,10.0,2021.0,4.0,5,1,3207.0,270.0,-5.0,-27.0
2021-04-11,385.0,-52.0,45.0,-48.0,7.0,2021.0,4.0,6,1,3096.0,249.0,-3.0,-23.0
2021-04-12,377.0,-19.0,59.0,-40.0,11.0,2021.0,4.0,0,0,2970.0,256.0,-3.0,-75.0
2021-04-13,370.0,-26.0,63.0,-42.0,12.0,2021.0,4.0,1,0,2820.0,266.0,-7.0,-50.0
2021-04-14,351.0,-26.0,63.0,-42.0,12.0,2021.0,4.0,2,0,2750.0,230.0,-9.0,-48.0
2021-04-15,329.0,-27.0,68.0,-42.0,12.0,2021.0,4.0,3,0,2612.0,234.0,0.0,-47.0
2021-04-16,332.0,-30.0,68.0,-39.0,11.0,2021.0,4.0,4,0,2512.0,222.0,1.0,-46.0
2021-04-17,323.0,-37.0,64.0,-34.0,5.0,2021.0,4.0,5,1,2458.0,195.0,1.0,-21.0
2021-04-18,311.0,-33.0,70.0,-33.0,4.0,2021.0,4.0,6,1,2375.0,237.0,3.0,-17.0
2021-04-19,318.0,-25.0,72.0,-38.0,10.0,2021.0,4.0,0,0,2265.0,222.0,3.0,-42.0
2021-04-20,300.0,-29.0,60.0,-38.0,10.0,2021.0,4.0,1,0,2165.0,234.0,-1.0,-43.0
2021-04-21,276.0,-29.0,45.0,-41.0,11.0,2021.0,4.0,2,0,2109.0,204.0,-2.0,-42.0
2021-04-22,261.0,-28.0,71.0,-40.0,10.0,2021.0,4.0,3,0,2003.0,206.0,2.0,-41.0
2021-04-23,243.0,-29.0,69.0,-37.0,9.0,2021.0,4.0,4,0,1948.0,185.0,2.0,-40.0
2021-04-24,240.0,-34.0,66.0,-35.0,5.0,2021.0,4.0,5,1,1976.0,206.0,1.0,-16.0
2021-04-25,231.0,-31.0,68.0,-37.0,4.0,2021.0,4.0,6,1,1895.0,203.0,3.0,-13.0
2021-04-26,227.0,-24.0,55.0,-39.0,10.0,2021.0,4.0,0,0,1861.0,180.0,5.0,-34.0
2021-04-27,214.0,-30.0,41.0,-40.0,11.0,2021.0,4.0,1,0,1759.0,194.0,2.0,-34.0
2021-04-28,208.0,-30.0,21.0,-42.0,11.0,2021.0,4.0,2,0,1719.0,160.0,-2.0,-33.0
2021-04-29,196.0,-28.0,41.0,-40.0,11.0,2021.0,4.0,3,0,1647.0,158.0,1.0,-32.0
2021-04-30,185.0,-26.0,46.0,-36.0,9.0,2021.0,4.0,4,0,1596.0,158.0,0.0,-31.0
2021-05-01,188.0,-31.0,44.0,-35.0,5.0,2021.0,5.0,5,1,1617.0,139.0,1.0,-14.0
2021-05-02,196.0,-26.0,71.0,-34.0,3.0,2021.0,5.0,6,1,1537.0,175.0,4.0,-12.0
2021-05-03,187.0,-29.0,30.0,-58.0,21.0,2021.0,5.0,0,0,1483.0,132.0,8.0,-33.0
2021-05-04,181.0,-31.0,19.0,-41.0,11.0,2021.0,5.0,1,0,1439.0,170.0,3.0,-33.0
2021-05-05,182.0,-29.0,30.0,-40.0,11.0,2021.0,5.0,2,0,1342.0,121.0,-2.0,-33.0
2021-05-06,163.0,-27.0,45.0,-39.0,10.0,2021.0,5.0,3,0,1261.0,152.0,-11.0,-32.0
2021-05-07,159.0,-28.0,52.0,-37.0,9.0,2021.0,5.0,4,0,1261.0,130.0,3.0,-31.0
2021-05-08,151.0,-42.0,-18.0,-46.0,9.0,2021.0,5.0,5,1,1278.0,137.0,2.0,-15.0
2021-05-09,144.0,-30.0,57.0,-36.0,4.0,2021.0,5.0,6,1,1273.0,134.0,6.0,-14.0
2021-05-10,149.0,-26.0,41.0,-39.0,10.0,2021.0,5.0,0,0,1219.0,163.0,4.0,-73.0
2021-05-11,138.0,-27.0,46.0,-39.0,10.0,2021.0,5.0,1,0,1142.0,113.0,-3.0,-34.0
2021-05-12,136.0,-25.0,42.0,-39.0,10.0,2021.0,5.0,2,0,1141.0,102.0,-3.0,-32.0
2021-05-13,129.0,-29.0,32.0,-41.0,11.0,2021.0,5.0,3,0,1119.0,113.0,1.0,-32.0
2021-05-14,124.0,-27.0,45.0,-37.0,10.0,2021.0,5.0,4,0,1097.0,99.0,2.0,-29.0
2021-05-15,121.0,-34.0,16.0,-38.0,6.0,2021.0,5.0,5,1,1110.0,121.0,5.0,-16.0
2021-05-16,123.0,-32.0,30.0,-39.0,5.0,2021.0,5.0,6,1,1088.0,122.0,3.0,-11.0
2021-05-17,125.0,-17.0,40.0,-35.0,9.0,2021.0,5.0,0,0,1051.0,102.0,6.0,-32.0
2021-05-18,124.0,-20.0,49.0,-36.0,9.0,2021.0,5.0,1,0,989.0,118.0,2.0,-31.0
2021-05-19,122.0,-18.0,51.0,-36.0,9.0,2021.0,5.0,2,0,965.0,122.0,-2.0,-31.0
2021-05-20,123.0,-24.0,20.0,-41.0,10.0,2021.0,5.0,3,0,956.0,102.0,1.0,-32.0
2021-05-21,124.0,-25.0,12.0,-36.0,9.0,2021.0,5.0,4,0,932.0,109.0,3.0,-30.0
2021-05-22,123.0,-24.0,35.0,-31.0,3.0,2021.0,5.0,5,1,934.0,100.0,4.0,-15.0
2021-05-23,120.0,-24.0,21.0,-34.0,3.0,2021.0,5.0,6,1,888.0,107.0,3.0,-10.0
2021-05-24,121.0,-19.0,38.0,-38.0,9.0,2021.0,5.0,0,0,908.0,108.0,4.0,-30.0
2021-05-25,128.0,-20.0,42.0,-38.0,9.0,2021.0,5.0,1,0,903.0,120.0,3.0,-30.0
2021-05-26,125.0,-17.0,50.0,-37.0,9.0,2021.0,5.0,2,0,913.0,104.0,-4.0,-29.0
2021-05-27,120.0,-12.0,85.0,-35.0,8.0,2021.0,5.0,3,0,879.0,97.0,3.0,-30.0
2021-05-28,124.0,-11.0,68.0,-29.0,6.0,2021.0,5.0,4,0,916.0,90.0,5.0,-29.0
2021-05-29,119.0,-18.0,78.0,-22.0,1.0,2021.0,5.0,5,1,955.0,80.0,6.0,-9.0
2021-05-30,124.0,-5.0,130.0,-18.0,-1.0,2021.0,5.0,6,1,917.0,103.0,9.0,-9.0
2021-05-31,122.0,-1.0,203.0,-42.0,12.0,2021.0,5.0,0,0,890.0,127.0,12.0,-31.0
2021-06-01,136.0,-5.0,141.0,-34.0,8.0,2021.0,6.0,1,0,867.0,127.0,6.0,-30.0
2021-06-02,129.0,-6.0,113.0,-36.0,10.0,2021.0,6.0,2,0,879.0,132.0,7.0,-29.0
2021-06-03,134.0,-6.0,118.0,-37.0,9.0,2021.0,6.0,3,0,879.0,123.0,2.0,-29.0
2021-06-04,130.0,-13.0,80.0,-35.0,9.0,2021.0,6.0,4,0,901.0,119.0,15.0,-30.0
2021-06-05,135.0,-20.0,81.0,-25.0,1.0,2021.0,6.0,5,1,923.0,116.0,11.0,-10.0
2021-06-06,145.0,-15.0,77.0,-26.0,1.0,2021.0,6.0,6,1,923.0,141.0,11.0,-7.0
2021-06-07,148.0,-10.0,88.0,-35.0,8.0,2021.0,6.0,0,0,957.0,135.0,8.0,-71.0
2021-06-08,154.0,-11.0,94.0,-35.0,8.0,2021.0,6.0,1,0,933.0,132.0,6.0,-43.0
2021-06-09,159.0,-11.0,79.0,-35.0,8.0,2021.0,6.0,2,0,961.0,128.0,3.0,-42.0
2021-06-10,158.0,-12.0,79.0,-35.0,8.0,2021.0,6.0,3,0,933.0,138.0,10.0,-41.0
2021-06-11,161.0,-15.0,72.0,-32.0,7.0,2021.0,6.0,4,0,960.0,103.0,11.0,-39.0
2021-06-12,169.0,-21.0,78.0,-26.0,1.0,2021.0,6.0,5,1,1029.0,112.0,10.0,-7.0
2021-06-13,188.0,-19.0,92.0,-24.0,0.0,2021.0,6.0,6,1,1052.0,124.0,11.0,-3.0
2021-06-14,188.0,-12.0,81.0,-35.0,8.0,2021.0,6.0,0,0,1060.0,156.0,10.0,-31.0
2021-06-15,206.0,-12.0,88.0,-35.0,8.0,2021.0,6.0,1,0,1091.0,132.0,7.0,-29.0
2021-06-16,208.0,-12.0,77.0,-35.0,8.0,2021.0,6.0,2,0,1074.0,129.0,4.0,-29.0
2021-06-17,210.0,-15.0,60.0,-37.0,9.0,2021.0,6.0,3,0,1102.0,126.0,9.0,-28.0
2021-06-18,223.0,-19.0,34.0,-34.0,8.0,2021.0,6.0,4,0,1138.0,127.0,11.0,-27.0
2021-06-19,215.0,-21.0,44.0,-30.0,2.0,2021.0,6.0,5,1,1179.0,157.0,10.0,-5.0
2021-06-20,210.0,-14.0,45.0,-30.0,1.0,2021.0,6.0,6,1,1229.0,175.0,9.0,-3.0
2021-06-21,228.0,-16.0,45.0,-38.0,9.0,2021.0,6.0,0,0,1254.0,189.0,6.0,-30.0
2021-06-22,250.0,-14.0,70.0,-36.0,8.0,2021.0,6.0,1,0,1319.0,191.0,6.0,-29.0
2021-06-23,246.0,-13.0,73.0,-36.0,9.0,2021.0,6.0,2,0,1361.0,201.0,1.0,-29.0
2021-06-24,259.0,-13.0,69.0,-36.0,9.0,2021.0,6.0,3,0,1347.0,180.0,3.0,-29.0
2021-06-25,257.0,-14.0,54.0,-32.0,7.0,2021.0,6.0,4,0,1381.0,179.0,6.0,-29.0
2021-06-26,256.0,-19.0,62.0,-26.0,2.0,2021.0,6.0,5,1,1514.0,223.0,6.0,-6.0
2021-06-27,263.0,-16.0,52.0,-28.0,1.0,2021.0,6.0,6,1,1534.0,227.0,7.0,-2.0
2021-06-28,297.0,-12.0,63.0,-36.0,8.0,2021.0,6.0,0,0,1485.0,229.0,8.0,-31.0
2021-06-29,283.0,-16.0,57.0,-38.0,8.0,2021.0,6.0,1,0,1505.0,232.0,2.0,-30.0
2021-06-30,287.0,-12.0,67.0,-37.0,8.0,2021.0,6.0,2,0,1526.0,244.0,-1.0,-29.0
2021-07-01,300.0,-11.0,90.0,-35.0,8.0,2021.0,7.0,3,0,1532.0,238.0,6.0,-30.0
2021-07-02,321.0,-14.0,79.0,-31.0,7.0,2021.0,7.0,4,0,1588.0,212.0,2.0,-29.0
2021-07-03,327.0,-22.0,34.0,-29.0,3.0,2021.0,7.0,5,1,1725.0,207.0,6.0,-6.0
2021-07-04,336.0,-17.0,40.0,-28.0,2.0,2021.0,7.0,6,1,1727.0,232.0,9.0,-4.0
2021-07-05,369.0,-11.0,68.0,-36.0,9.0,2021.0,7.0,0,0,1801.0,238.0,8.0,-32.0
2021-07-06,392.0,-16.0,48.0,-38.0,10.0,2021.0,7.0,1,0,1910.0,273.0,2.0,-33.0
2021-07-07,417.0,-12.0,58.0,-36.0,9.0,2021.0,7.0,2,0,1975.0,254.0,-2.0,-31.0
2021-07-08,417.0,-12.0,82.0,-36.0,9.0,2021.0,7.0,3,0,2016.0,255.0,6.0,-31.0
2021-07-09,437.0,-14.0,75.0,-32.0,8.0,2021.0,7.0,4,0,2131.0,267.0,5.0,-30.0
2021-07-10,448.0,-20.0,48.0,-28.0,3.0,2021.0,7.0,5,1,2316.0,263.0,7.0,-7.0
2021-07-11,454.0,-14.0,55.0,-23.0,0.0,2021.0,7.0,6,1,2438.0,309.0,7.0,-5.0
2021-07-12,482.0,-16.0,56.0,-37.0,10.0,2021.0,7.0,0,0,2627.0,364.0,7.0,-32.0
2021-07-13,522.0,-13.0,87.0,-36.0,9.0,2021.0,7.0,1,0,2713.0,416.0,3.0,-32.0
2021-07-14,545.0,-10.0,89.0,-35.0,9.0,2021.0,7.0,2,0,2886.0,371.0,5.0,-32.0
2021-07-15,551.0,-11.0,96.0,-35.0,9.0,2021.0,7.0,3,0,2975.0,381.0,0.0,-32.0
2021-07-16,573.0,-13.0,98.0,-30.0,7.0,2021.0,7.0,4,0,3118.0,394.0,7.0,-31.0
2021-07-17,583.0,-23.0,83.0,-24.0,1.0,2021.0,7.0,5,1,3389.0,466.0,8.0,-7.0
2021-07-18,582.0,-16.0,93.0,-22.0,0.0,2021.0,7.0,6,1,3598.0,516.0,10.0,-1.0
2021-07-19,611.0,-7.0,100.0,-34.0,8.0,2021.0,7.0,0,0,3776.0,580.0,10.0,-38.0
2021-07-20,618.0,-10.0,100.0,-36.0,9.0,2021.0,7.0,1,0,3949.0,566.0,5.0,-34.0
2021-07-21,647.0,-9.0,96.0,-35.0,9.0,2021.0,7.0,2,0,4063.0,605.0,4.0,-33.0
2021-07-22,699.0,-9.0,105.0,-35.0,9.0,2021.0,7.0,3,0,4139.0,556.0,12.0,-33.0
2021-07-23,715.0,-11.0,93.0,-31.0,8.0,2021.0,7.0,4,0,4250.0,544.0,11.0,-32.0
2021-07-24,755.0,-20.0,56.0,-25.0,2.0,2021.0,7.0,5,1,4557.0,590.0,10.0,-8.0
2021-07-25,779.0,-14.0,68.0,-22.0,1.0,2021.0,7.0,6,1,4637.0,725.0,11.0,-4.0
2021-07-26,820.0,-4.0,118.0,-34.0,9.0,2021.0,7.0,0,0,4830.0,743.0,8.0,-37.0
2021-07-27,848.0,-8.0,84.0,-37.0,10.0,2021.0,7.0,1,0,5001.0,747.0,0.0,-37.0
2021-07-28,853.0,-7.0,64.0,-38.0,11.0,2021.0,7.0,2,0,5202.0,767.0,-2.0,-37.0
2021-07-29,869.0,-4.0,102.0,-35.0,9.0,2021.0,7.0,3,0,5270.0,697.0,8.0,-38.0
2021-07-30,889.0,-11.0,49.0,-33.0,9.0,2021.0,7.0,4,0,5536.0,702.0,6.0,-38.0
2021-07-31,893.0,-17.0,52.0,-22.0,1.0,2021.0,7.0,5,1,5896.0,795.0,5.0,-7.0
2021-08-01,877.0,-9.0,70.0,-20.0,0.0,2021.0,8.0,6,1,5993.0,875.0,8.0,-3.0
2021-08-02,895.0,-1.0,110.0,-33.0,9.0,2021.0,8.0,0,0,6019.0,923.0,4.0,-42.0
2021-08-03,887.0,-3.0,119.0,-35.0,9.0,2021.0,8.0,1,0,5903.0,925.0,0.0,-41.0
2021-08-04,881.0,-3.0,113.0,-34.0,9.0,2021.0,8.0,2,0,5940.0,955.0,-1.0,-41.0
2021-08-05,871.0,-7.0,74.0,-37.0,10.0,2021.0,8.0,3,0,5876.0,845.0,7.0,-41.0
2021-08-06,870.0,-11.0,60.0,-33.0,9.0,2021.0,8.0,4,0,5893.0,824.0,7.0,-40.0
2021-08-07,854.0,-19.0,34.0,-24.0,2.0,2021.0,8.0,5,1,6114.0,937.0,7.0,-7.0
2021-08-08,856.0,-13.0,45.0,-22.0,1.0,2021.0,8.0,6,1,5902.0,935.0,6.0,-3.0
2021-08-09,859.0,-3.0,88.0,-34.0,9.0,2021.0,8.0,0,0,5697.0,915.0,4.0,-43.0
2021-08-10,874.0,-1.0,122.0,-33.0,9.0,2021.0,8.0,1,0,5643.0,862.0,-2.0,-42.0
2021-08-11,871.0,-3.0,100.0,-34.0,9.0,2021.0,8.0,2,0,5613.0,842.0,-2.0,-41.0
2021-08-12,882.0,-2.0,111.0,-33.0,9.0,2021.0,8.0,3,0,5549.0,743.0,6.0,-42.0
2021-08-13,892.0,-8.0,90.0,-29.0,8.0,2021.0,8.0,4,0,5690.0,671.0,8.0,-41.0
2021-08-14,892.0,-16.0,70.0,-18.0,0.0,2021.0,8.0,5,1,5841.0,737.0,6.0,-9.0
2021-08-15,898.0,-9.0,75.0,-16.0,0.0,2021.0,8.0,6,1,5836.0,784.0,8.0,-4.0
2021-08-16,918.0,-2.0,100.0,-32.0,8.0,2021.0,8.0,0,0,5817.0,761.0,6.0,-42.0
2021-08-17,925.0,-5.0,87.0,-35.0,9.0,2021.0,8.0,1,0,5779.0,831.0,0.0,-41.0
2021-08-18,909.0,-3.0,95.0,-34.0,9.0,2021.0,8.0,2,0,5812.0,798.0,0.0,-41.0
2021-08-19,928.0,-5.0,98.0,-33.0,9.0,2021.0,8.0,3,0,5709.0,759.0,7.0,-41.0
2021-08-20,955.0,-8.0,88.0,-29.0,7.0,2021.0,8.0,4,0,5862.0,716.0,6.0,-40.0
2021-08-21,955.0,-18.0,34.0,-22.0,2.0,2021.0,8.0,5,1,6193.0,734.0,6.0,-8.0
2021-08-22,963.0,-10.0,72.0,-17.0,0.0,2021.0,8.0,6,1,6216.0,747.0,7.0,-3.0
2021-08-23,942.0,0.0,118.0,-31.0,8.0,2021.0,8.0,0,0,6279.0,875.0,5.0,-42.0
2021-08-24,957.0,-2.0,117.0,-32.0,8.0,2021.0,8.0,1,0,6319.0,837.0,-2.0,-42.0
2021-08-25,974.0,-1.0,109.0,-32.0,8.0,2021.0,8.0,2,0,6332.0,854.0,-1.0,-39.0
2021-08-26,982.0,-1.0,109.0,-31.0,8.0,2021.0,8.0,3,0,6350.0,784.0,7.0,-40.0
2021-08-27,988.0,-5.0,98.0,-26.0,7.0,2021.0,8.0,4,0,6562.0,778.0,7.0,-39.0
2021-08-28,953.0,-14.0,82.0,-15.0,0.0,2021.0,8.0,5,1,6842.0,795.0,8.0,-9.0
2021-08-29,971.0,-2.0,98.0,-12.0,-1.0,2021.0,8.0,6,1,6774.0,859.0,9.0,-2.0
2021-08-30,984.0,1.0,124.0,-41.0,14.0,2021.0,8.0,0,0,6813.0,951.0,9.0,-41.0
2021-08-31,1014.0,-3.0,72.0,-33.0,9.0,2021.0,8.0,1,0,6848.0,906.0,1.0,-40.0
2021-09-01,1030.0,-4.0,69.0,-33.0,9.0,2021.0,9.0,2,0,6903.0,937.0,0.0,-40.0
2021-09-02,1038.0,-5.0,77.0,-32.0,8.0,2021.0,9.0,3,0,6797.0,859.0,-3.0,-40.0
2021-09-03,1034.0,-8.0,70.0,-27.0,7.0,2021.0,9.0,4,0,6921.0,873.0,12.0,-40.0
2021-09-04,1019.0,-13.0,59.0,-19.0,1.0,2021.0,9.0,5,1,7144.0,829.0,9.0,-8.0
2021-09-05,1018.0,-5.0,89.0,-15.0,0.0,2021.0,9.0,6,1,7489.0,966.0,9.0,-3.0
2021-09-06,1062.0,-3.0,87.0,-27.0,7.0,2021.0,9.0,0,0,7482.0,984.0,7.0,-70.0
2021-09-07,1047.0,-6.0,98.0,-28.0,7.0,2021.0,9.0,1,0,7423.0,1032.0,2.0,-40.0
2021-09-08,1060.0,-6.0,83.0,-28.0,7.0,2021.0,9.0,2,0,7480.0,945.0,3.0,-36.0
2021-09-09,1051.0,-10.0,56.0,-29.0,7.0,2021.0,9.0,3,0,7359.0,938.0,10.0,-35.0
2021-09-10,1056.0,-10.0,54.0,-24.0,6.0,2021.0,9.0,4,0,7556.0,857.0,10.0,-33.0
2021-09-11,1027.0,-12.0,61.0,-16.0,1.0,2021.0,9.0,5,1,7844.0,847.0,9.0,-5.0
2021-09-12,1055.0,-7.0,70.0,-16.0,0.0,2021.0,9.0,6,1,7781.0,987.0,8.0,-1.0
2021-09-13,1056.0,-6.0,64.0,-26.0,7.0,2021.0,9.0,0,0,7943.0,989.0,7.0,-33.0
2021-09-14,1060.0,-12.0,42.0,-29.0,8.0,2021.0,9.0,1,0,7962.0,1066.0,3.0,-32.0
2021-09-15,1081.0,-6.0,67.0,-27.0,7.0,2021.0,9.0,2,0,8134.0,986.0,3.0,-31.0
2021-09-16,1020.0,-7.0,79.0,-27.0,6.0,2021.0,9.0,3,0,7962.0,920.0,8.0,-31.0
2021-09-17,1011.0,-9.0,62.0,-24.0,6.0,2021.0,9.0,4,0,8064.0,942.0,5.0,-29.0
2021-09-18,1004.0,-12.0,65.0,-16.0,0.0,2021.0,9.0,5,1,8278.0,872.0,9.0,-5.0
2021-09-19,1006.0,-9.0,49.0,-18.0,1.0,2021.0,9.0,6,1,8202.0,1069.0,8.0,-2.0
2021-09-20,982.0,-6.0,70.0,-27.0,6.0,2021.0,9.0,0,0,8202.0,1083.0,7.0,-32.0
2021-09-21,943.0,-8.0,71.0,-28.0,7.0,2021.0,9.0,1,0,7923.0,1156.0,2.0,-33.0
2021-09-22,939.0,-7.0,61.0,-27.0,7.0,2021.0,9.0,2,0,7713.0,1033.0,1.0,-31.0
2021-09-23,916.0,-8.0,59.0,-28.0,7.0,2021.0,9.0,3,0,7500.0,920.0,8.0,-32.0
2021-09-24,878.0,-7.0,61.0,-22.0,5.0,2021.0,9.0,4,0,7548.0,845.0,8.0,-32.0
2021-09-25,874.0,-13.0,46.0,-14.0,1.0,2021.0,9.0,5,1,7606.0,860.0,7.0,-7.0
2021-09-26,839.0,-9.0,60.0,-13.0,1.0,2021.0,9.0,6,1,7423.0,930.0,8.0,-5.0
2021-09-27,831.0,-11.0,34.0,-27.0,8.0,2021.0,9.0,0,0,7221.0,933.0,11.0,-33.0
2021-09-28,826.0,-14.0,20.0,-29.0,8.0,2021.0,9.0,1,0,6982.0,938.0,2.0,-32.0
2021-09-29,813.0,-10.0,35.0,-29.0,7.0,2021.0,9.0,2,0,6733.0,882.0,2.0,-29.0
2021-09-30,815.0,-11.0,15.0,-30.0,8.0,2021.0,9.0,3,0,6775.0,743.0,7.0,-29.0
2021-10-01,805.0,-10.0,27.0,-26.0,7.0,2021.0,10.0,4,0,6638.0,743.0,5.0,-30.0
2021-10-02,764.0,-18.0,-13.0,-25.0,3.0,2021.0,10.0,5,1,6872.0,722.0,7.0,-7.0
2021-10-03,778.0,-8.0,30.0,-19.0,2.0,2021.0,10.0,6,1,6855.0,808.0,6.0,-4.0
2021-10-04,769.0,-10.0,29.0,-30.0,7.0,2021.0,10.0,0,0,6750.0,791.0,6.0,-32.0
2021-10-05,800.0,-14.0,18.0,-32.0,8.0,2021.0,10.0,1,0,6600.0,741.0,-3.0,-32.0
2021-10-06,807.0,-9.0,38.0,-30.0,7.0,2021.0,10.0,2,0,6444.0,771.0,1.0,-31.0
2021-10-07,808.0,-10.0,35.0,-30.0,7.0,2021.0,10.0,3,0,6300.0,715.0,4.0,-31.0
2021-10-08,780.0,-10.0,37.0,-26.0,6.0,2021.0,10.0,4,0,6451.0,666.0,3.0,-30.0
2021-10-09,768.0,-11.0,37.0,-19.0,1.0,2021.0,10.0,5,1,6646.0,663.0,5.0,-10.0
2021-10-10,744.0,-8.0,48.0,-19.0,1.0,2021.0,10.0,6,1,6723.0,774.0,5.0,-5.0
2021-10-11,747.0,-8.0,45.0,-29.0,7.0,2021.0,10.0,0,0,6700.0,777.0,5.0,-32.0
2021-10-12,780.0,-12.0,33.0,-30.0,7.0,2021.0,10.0,1,0,6650.0,799.0,1.0,-32.0
2021-10-13,781.0,-10.0,33.0,-30.0,7.0,2021.0,10.0,2,0,6647.0,687.0,-1.0,-30.0
2021-10-14,783.0,-11.0,37.0,-30.0,7.0,2021.0,10.0,3,0,6583.0,689.0,5.0,-30.0
2021-10-15,791.0,-9.0,38.0,-26.0,6.0,2021.0,10.0,4,0,6746.0,692.0,5.0,-29.0
2021-10-16,805.0,-12.0,26.0,-21.0,2.0,2021.0,10.0,5,1,6890.0,712.0,4.0,-7.0
2021-10-17,819.0,-10.0,29.0,-21.0,2.0,2021.0,10.0,6,1,6910.0,807.0,5.0,-5.0
2021-10-18,826.0,-11.0,22.0,-31.0,8.0,2021.0,10.0,0,0,6910.0,830.0,6.0,-31.0
2021-10-19,851.0,-13.0,21.0,-31.0,8.0,2021.0,10.0,1,0,6965.0,773.0,0.0,-30.0
2021-10-20,872.0,-11.0,19.0,-31.0,8.0,2021.0,10.0,2,0,6969.0,821.0,-2.0,-30.0
2021-10-21,892.0,-9.0,37.0,-30.0,7.0,2021.0,10.0,3,0,7002.0,791.0,3.0,-29.0
2021-10-22,889.0,-10.0,29.0,-26.0,7.0,2021.0,10.0,4,0,7267.0,757.0,3.0,-29.0
2021-10-23,869.0,-13.0,23.0,-19.0,2.0,2021.0,10.0,5,1,7636.0,727.0,3.0,-8.0
2021-10-24,885.0,-9.0,31.0,-19.0,2.0,2021.0,10.0,6,1,7788.0,835.0,6.0,-6.0
2021-10-25,913.0,-1.0,61.0,-30.0,8.0,2021.0,10.0,0,0,8035.0,929.0,5.0,-32.0
2021-10-26,952.0,-4.0,50.0,-31.0,9.0,2021.0,10.0,1,0,8132.0,910.0,1.0,-31.0
2021-10-27,945.0,-2.0,46.0,-31.0,9.0,2021.0,10.0,2,0,8123.0,898.0,-2.0,-31.0
2021-10-28,944.0,-2.0,49.0,-30.0,8.0,2021.0,10.0,3,0,8121.0,946.0,6.0,-30.0
2021-10-29,962.0,-6.0,26.0,-28.0,8.0,2021.0,10.0,4,0,8277.0,880.0,6.0,-31.0
2021-10-30,968.0,-12.0,14.0,-19.0,1.0,2021.0,10.0,5,1,8595.0,962.0,5.0,-9.0
2021-10-31,980.0,-13.0,-4.0,-21.0,2.0,2021.0,10.0,6,1,8714.0,1074.0,7.0,-7.0
2021-11-01,1030.0,-10.0,17.0,-30.0,8.0,2021.0,11.0,0,0,8827.0,1098.0,6.0,-40.0
2021-11-02,1024.0,-10.0,24.0,-29.0,7.0,2021.0,11.0,1,0,8900.0,1093.0,3.0,-39.0
2021-11-03,1019.0,-10.0,13.0,-30.0,8.0,2021.0,11.0,2,0,8986.0,972.0,1.0,-39.0
2021-11-04,1034.0,-10.0,21.0,-29.0,7.0,2021.0,11.0,3,0,9025.0,939.0,4.0,-39.0
2021-11-05,1026.0,-10.0,34.0,-26.0,7.0,2021.0,11.0,4,0,9179.0,904.0,6.0,-39.0
2021-11-06,1018.0,-14.0,12.0,-21.0,3.0,2021.0,11.0,5,1,9423.0,956.0,5.0,-10.0
2021-11-07,1012.0,-7.0,27.0,-18.0,1.0,2021.0,11.0,6,1,9409.0,1054.0,7.0,-7.0
2021-11-08,1026.0,-10.0,17.0,-29.0,7.0,2021.0,11.0,0,0,9197.0,1103.0,7.0,-31.0
2021-11-09,1023.0,-11.0,19.0,-30.0,7.0,2021.0,11.0,1,0,9049.0,1156.0,0.0,-29.0
2021-11-10,1008.0,-11.0,9.0,-30.0,8.0,2021.0,11.0,2,0,8834.0,1071.0,1.0,-28.0
2021-11-11,999.0,-10.0,21.0,-29.0,7.0,2021.0,11.0,3,0,8592.0,1012.0,5.0,-28.0
2021-11-12,989.0,-11.0,6.0,-27.0,7.0,2021.0,11.0,4,0,8616.0,885.0,6.0,-28.0
2021-11-13,974.0,-11.0,16.0,-20.0,2.0,2021.0,11.0,5,1,8769.0,1006.0,5.0,-9.0
2021-11-14,979.0,-7.0,27.0,-18.0,1.0,2021.0,11.0,6,1,8713.0,1082.0,6.0,-6.0
2021-11-15,968.0,-9.0,18.0,-29.0,7.0,2021.0,11.0,0,0,8641.0,1072.0,5.0,-29.0
2021-11-16,938.0,-11.0,14.0,-29.0,7.0,2021.0,11.0,1,0,8498.0,969.0,2.0,-28.0
2021-11-17,935.0,-9.0,16.0,-29.0,7.0,2021.0,11.0,2,0,8397.0,871.0,1.0,-27.0
2021-11-18,923.0,-9.0,18.0,-29.0,7.0,2021.0,11.0,3,0,8256.0,842.0,6.0,-27.0
2021-11-19,911.0,-8.0,19.0,-25.0,7.0,2021.0,11.0,4,0,8344.0,821.0,5.0,-28.0
2021-11-20,908.0,-10.0,11.0,-18.0,2.0,2021.0,11.0,5,1,8514.0,885.0,5.0,-8.0
2021-11-21,913.0,-6.0,20.0,-18.0,1.0,2021.0,11.0,6,1,8237.0,1001.0,7.0,-6.0
2021-11-22,928.0,-8.0,18.0,-29.0,7.0,2021.0,11.0,0,0,8002.0,974.0,7.0,-29.0
2021-11-23,919.0,-10.0,15.0,-29.0,7.0,2021.0,11.0,1,0,7911.0,978.0,1.0,-28.0
2021-11-24,928.0,-9.0,8.0,-29.0,8.0,2021.0,11.0,2,0,7870.0,954.0,0.0,-27.0
2021-11-25,925.0,-6.0,17.0,-28.0,7.0,2021.0,11.0,3,0,7754.0,877.0,6.0,-27.0
2021-11-26,925.0,-7.0,0.0,-26.0,7.0,2021.0,11.0,4,0,7847.0,771.0,6.0,-27.0
2021-11-27,911.0,-16.0,-20.0,-26.0,4.0,2021.0,11.0,5,1,7945.0,804.0,5.0,-8.0
2021-11-28,919.0,-8.0,3.0,-20.0,2.0,2021.0,11.0,6,1,7731.0,834.0,8.0,-6.0
2021-11-29,916.0,-7.0,4.0,-31.0,8.0,2021.0,11.0,0,0,7487.0,887.0,6.0,-29.0
2021-11-30,931.0,-7.0,5.0,-30.0,8.0,2021.0,11.0,1,0,7496.0,853.0,-3.0,-28.0
2021-12-01,895.0,-8.0,0.0,-30.0,8.0,2021.0,12.0,2,0,7402.0,838.0,0.0,-27.0
2021-12-02,895.0,-7.0,11.0,-30.0,8.0,2021.0,12.0,3,0,7252.0,773.0,6.0,-27.0
2021-12-03,900.0,-7.0,5.0,-26.0,7.0,2021.0,12.0,4,0,7276.0,723.0,10.0,-29.0
2021-12-04,895.0,-12.0,-4.0,-20.0,3.0,2021.0,12.0,5,1,7503.0,754.0,6.0,-10.0
2021-12-05,882.0,-7.0,-1.0,-20.0,2.0,2021.0,12.0,6,1,7520.0,733.0,7.0,-6.0
2021-12-06,901.0,-8.0,-4.0,-32.0,8.0,2021.0,12.0,0,0,7194.0,775.0,6.0,-30.0
2021-12-07,880.0,-14.0,-12.0,-34.0,9.0,2021.0,12.0,1,0,7260.0,902.0,-1.0,-28.0
2021-12-08,890.0,-8.0,-4.0,-32.0,8.0,2021.0,12.0,2,0,7178.0,777.0,0.0,-28.0
2021-12-09,900.0,-5.0,10.0,-30.0,7.0,2021.0,12.0,3,0,7033.0,732.0,6.0,-27.0
2021-12-10,901.0,-6.0,5.0,-26.0,7.0,2021.0,12.0,4,0,7129.0,713.0,2.0,-28.0
2021-12-11,883.0,-12.0,-10.0,-20.0,2.0,2021.0,12.0,5,1,7234.0,705.0,6.0,-8.0
2021-12-12,893.0,-7.0,5.0,-20.0,2.0,2021.0,12.0,6,1,7225.0,799.0,9.0,-5.0
2021-12-13,900.0,-4.0,6.0,-33.0,8.0,2021.0,12.0,0,0,7248.0,836.0,7.0,-30.0
2021-12-14,896.0,-6.0,8.0,-34.0,9.0,2021.0,12.0,1,0,7321.0,819.0,1.0,-28.0
2021-12-15,888.0,-2.0,8.0,-33.0,9.0,2021.0,12.0,2,0,7280.0,823.0,1.0,-26.0
2021-12-16,875.0,-3.0,14.0,-34.0,9.0,2021.0,12.0,3,0,7239.0,732.0,11.0,-26.0
2021-12-17,879.0,-6.0,7.0,-32.0,9.0,2021.0,12.0,4,0,7358.0,744.0,12.0,-26.0
2021-12-18,855.0,-14.0,-4.0,-26.0,3.0,2021.0,12.0,5,1,7573.0,837.0,13.0,-5.0
2021-12-19,858.0,-8.0,0.0,-25.0,2.0,2021.0,12.0,6,1,7576.0,868.0,14.0,-2.0
2021-12-20,859.0,5.0,14.0,-37.0,10.0,2021.0,12.0,0,0,7488.0,938.0,10.0,-30.0
2021-12-21,849.0,2.0,15.0,-39.0,11.0,2021.0,12.0,1,0,7505.0,887.0,4.0,-29.0
2021-12-22,842.0,4.0,5.0,-39.0,11.0,2021.0,12.0,2,0,7381.0,947.0,3.0,-29.0
2021-12-23,843.0,7.0,8.0,-39.0,12.0,2021.0,12.0,3,0,7323.0,828.0,19.0,-30.0
2021-12-24,832.0,-17.0,-4.0,-49.0,16.0,2021.0,12.0,4,0,7474.0,788.0,22.0,-30.0
2021-12-25,838.0,-87.0,-49.0,-81.0,11.0,2021.0,12.0,5,1,7720.0,862.0,29.0,-6.0
2021-12-26,851.0,-48.0,-16.0,-55.0,4.0,2021.0,12.0,6,1,7924.0,916.0,42.0,-1.0
2021-12-27,870.0,-15.0,11.0,-54.0,18.0,2021.0,12.0,0,0,8150.0,948.0,20.0,-41.0
2021-12-28,851.0,-14.0,18.0,-54.0,20.0,2021.0,12.0,1,0,8180.0,939.0,-88.0,-42.0
2021-12-29,868.0,-11.0,5.0,-50.0,18.0,2021.0,12.0,2,0,8419.0,909.0,-50.0,-44.0
2021-12-30,875.0,-11.0,20.0,-49.0,18.0,2021.0,12.0,3,0,8210.0,864.0,-17.0,-50.0
2021-12-31,883.0,-20.0,22.0,-51.0,17.0,2021.0,12.0,4,0,8615.0,835.0,-9.0,-62.0
2022-01-01,857.0,-63.0,3.0,-59.0,11.0,2022.0,1.0,5,1,9621.0,1012.0,2.0,-64.0
2022-01-02,864.0,-25.0,0.0,-39.0,6.0,2022.0,1.0,6,1,10769.0,1215.0,8.0,-35.0
2022-01-03,878.0,-15.0,32.0,-56.0,21.0,2022.0,1.0,0,0,11820.0,1245.0,9.0,-78.0
2022-01-04,900.0,-25.0,-5.0,-48.0,15.0,2022.0,1.0,1,0,13003.0,1407.0,-54.0,-76.0
2022-01-05,875.0,-25.0,0.0,-46.0,14.0,2022.0,1.0,2,0,14026.0,1402.0,-12.0,-65.0
2022-01-06,868.0,-30.0,-14.0,-47.0,14.0,2022.0,1.0,3,0,14340.0,1188.0,-8.0,-64.0
2022-01-07,840.0,-28.0,-13.0,-44.0,13.0,2022.0,1.0,4,0,14961.0,1412.0,0.0,-64.0
2022-01-08,820.0,-32.0,-36.0,-44.0,8.0,2022.0,1.0,5,1,16134.0,1533.0,-1.0,-49.0
2022-01-09,816.0,-22.0,13.0,-36.0,5.0,2022.0,1.0,6,1,17136.0,1954.0,-4.0,-15.0
2022-01-10,821.0,-22.0,-1.0,-42.0,11.0,2022.0,1.0,0,0,17842.0,2296.0,-4.0,-74.0
2022-01-11,793.0,-23.0,1.0,-42.0,11.0,2022.0,1.0,1,0,18311.0,2635.0,-9.0,-42.0
2022-01-12,785.0,-21.0,10.0,-41.0,11.0,2022.0,1.0,2,0,18492.0,2383.0,-7.0,-36.0
2022-01-13,777.0,-22.0,13.0,-41.0,11.0,2022.0,1.0,3,0,18417.0,2088.0,-2.0,-35.0
2022-01-14,746.0,-21.0,7.0,-38.0,10.0,2022.0,1.0,4,0,18843.0,2065.0,-2.0,-32.0
2022-01-15,712.0,-22.0,-4.0,-35.0,5.0,2022.0,1.0,5,1,19656.0,2102.0,-1.0,-12.0
2022-01-16,715.0,-19.0,18.0,-33.0,3.0,2022.0,1.0,6,1,19561.0,2461.0,0.0,-6.0
2022-01-17,713.0,-19.0,17.0,-39.0,9.0,2022.0,1.0,0,0,19529.0,2397.0,0.0,-31.0
2022-01-18,703.0,-22.0,8.0,-38.0,10.0,2022.0,1.0,1,0,19368.0,2388.0,-5.0,-31.0
2022-01-19,675.0,-20.0,5.0,-38.0,10.0,2022.0,1.0,2,0,19165.0,2330.0,-6.0,-30.0
2022-01-20,664.0,-19.0,13.0,-37.0,10.0,2022.0,1.0,3,0,18913.0,2034.0,-1.0,-30.0
2022-01-21,640.0,-19.0,4.0,-35.0,9.0,2022.0,1.0,4,0,19036.0,2088.0,-2.0,-28.0
2022-01-22,625.0,-19.0,4.0,-30.0,4.0,2022.0,1.0,5,1,19267.0,2207.0,-1.0,-8.0
2022-01-23,603.0,-19.0,11.0,-30.0,3.0,2022.0,1.0,6,1,18833.0,2453.0,0.0,-5.0
2022-01-24,598.0,-18.0,9.0,-36.0,9.0,2022.0,1.0,0,0,18327.0,2412.0,0.0,-30.0
2022-01-25,575.0,-20.0,6.0,-36.0,9.0,2022.0,1.0,1,0,17824.0,2181.0,-4.0,-30.0
2022-01-26,561.0,-17.0,8.0,-36.0,9.0,2022.0,1.0,2,0,17391.0,2152.0,-7.0,-29.0
2022-01-27,549.0,-17.0,15.0,-35.0,9.0,2022.0,1.0,3,0,16745.0,1926.0,-2.0,-29.0
2022-01-28,535.0,-15.0,7.0,-32.0,9.0,2022.0,1.0,4,0,16721.0,1780.0,-1.0,-27.0
2022-01-29,527.0,-16.0,1.0,-27.0,4.0,2022.0,1.0,5,1,16993.0,1935.0,-1.0,-7.0
2022-01-30,520.0,-12.0,27.0,-26.0,2.0,2022.0,1.0,6,1,16397.0,2014.0,1.0,-5.0
2022-01-31,511.0,-15.0,9.0,-34.0,8.0,2022.0,1.0,0,0,16327.0,2003.0,1.0,-29.0
2022-02-01,502.0,-16.0,14.0,-33.0,8.0,2022.0,2.0,1,0,15983.0,1971.0,-4.0,-29.0
2022-02-02,483.0,-15.0,12.0,-32.0,9.0,2022.0,2.0,2,0,15759.0,1897.0,-5.0,-29.0
2022-02-03,478.0,-15.0,14.0,-33.0,8.0,2022.0,2.0,3,0,14885.0,1665.0,0.0,-28.0
2022-02-04,474.0,-16.0,1.0,-31.0,8.0,2022.0,2.0,4,0,15163.0,1421.0,1.0,-27.0
2022-02-05,458.0,-17.0,-7.0,-26.0,4.0,2022.0,2.0,5,1,15514.0,1690.0,1.0,-7.0
2022-02-06,441.0,-17.0,-9.0,-28.0,3.0,2022.0,2.0,6,1,15056.0,1775.0,2.0,-4.0
2022-02-07,443.0,-15.0,15.0,-32.0,8.0,2022.0,2.0,0,0,14648.0,1869.0,1.0,-29.0
2022-02-08,430.0,-15.0,16.0,-31.0,8.0,2022.0,2.0,1,0,14459.0,1868.0,-5.0,-28.0
2022-02-09,432.0,-14.0,13.0,-31.0,8.0,2022.0,2.0,2,0,14021.0,1669.0,-7.0,-27.0
2022-02-10,430.0,-14.0,15.0,-30.0,8.0,2022.0,2.0,3,0,13528.0,1507.0,1.0,-27.0
2022-02-11,416.0,-12.0,18.0,-27.0,7.0,2022.0,2.0,4,0,13416.0,1440.0,1.0,-26.0
2022-02-12,400.0,-16.0,-2.0,-24.0,3.0,2022.0,2.0,5,1,13603.0,1415.0,1.0,-8.0
2022-02-13,384.0,-16.0,-21.0,-26.0,3.0,2022.0,2.0,6,1,13360.0,1655.0,3.0,-5.0
2022-02-14,393.0,-4.0,19.0,-31.0,8.0,2022.0,2.0,0,0,12936.0,1744.0,4.0,-28.0
2022-02-15,354.0,-15.0,4.0,-33.0,8.0,2022.0,2.0,1,0,12531.0,1629.0,-2.0,-28.0
2022-02-16,359.0,-14.0,5.0,-33.0,9.0,2022.0,2.0,2,0,12108.0,1477.0,-4.0,-27.0
2022-02-17,330.0,-10.0,24.0,-30.0,8.0,2022.0,2.0,3,0,11757.0,1398.0,9.0,-27.0
2022-02-18,335.0,-32.0,-27.0,-46.0,14.0,2022.0,2.0,4,0,11810.0,1224.0,-2.0,-26.0
2022-02-19,328.0,-21.0,-17.0,-28.0,4.0,2022.0,2.0,5,1,12039.0,1331.0,-1.0,-8.0
2022-02-20,334.0,-22.0,-26.0,-30.0,3.0,2022.0,2.0,6,1,11818.0,1409.0,5.0,-6.0
2022-02-21,324.0,-13.0,16.0,-34.0,9.0,2022.0,2.0,0,0,11485.0,1462.0,-15.0,-33.0
2022-02-22,312.0,-11.0,23.0,-30.0,8.0,2022.0,2.0,1,0,11323.0,1411.0,-4.0,-33.0
2022-02-23,304.0,-10.0,19.0,-31.0,8.0,2022.0,2.0,2,0,10961.0,1325.0,-10.0,-32.0
2022-02-24,289.0,-13.0,10.0,-32.0,8.0,2022.0,2.0,3,0,10977.0,1166.0,1.0,-31.0
2022-02-25,271.0,-9.0,31.0,-27.0,7.0,2022.0,2.0,4,0,10886.0,1133.0,2.0,-39.0
2022-02-26,255.0,-12.0,20.0,-20.0,1.0,2022.0,2.0,5,1,11071.0,1183.0,1.0,-9.0
2022-02-27,271.0,-8.0,42.0,-17.0,0.0,2022.0,2.0,6,1,10805.0,1336.0,0.0,-7.0
2022-02-28,290.0,-14.0,5.0,-31.0,7.0,2022.0,2.0,0,0,10757.0,1345.0,4.0,-34.0
2022-03-01,278.0,-17.0,12.0,-32.0,7.0,2022.0,3.0,1,0,10472.0,1372.0,-2.0,-32.0
2022-03-02,279.0,-17.0,-6.0,-32.0,8.0,2022.0,3.0,2,0,10350.0,1166.0,-2.0,-32.0
2022-03-03,264.0,-16.0,12.0,-34.0,7.0,2022.0,3.0,3,0,10077.0,1093.0,3.0,-32.0
2022-03-04,257.0,-14.0,7.0,-30.0,7.0,2022.0,3.0,4,0,10232.0,1009.0,5.0,-31.0
2022-03-05,256.0,-14.0,6.0,-24.0,2.0,2022.0,3.0,5,1,10479.0,1117.0,0.0,-7.0
2022-03-06,263.0,-11.0,25.0,-22.0,1.0,2022.0,3.0,6,1,10448.0,1220.0,3.0,-3.0
2022-03-07,269.0,-15.0,18.0,-32.0,7.0,2022.0,3.0,0,0,10366.0,1167.0,2.0,-28.0
2022-03-08,275.0,-16.0,17.0,-32.0,6.0,2022.0,3.0,1,0,10220.0,1210.0,-2.0,-27.0
2022-03-09,266.0,-17.0,8.0,-33.0,7.0,2022.0,3.0,2,0,10422.0,1200.0,-3.0,-26.0
2022-03-10,253.0,-16.0,21.0,-32.0,7.0,2022.0,3.0,3,0,10417.0,1086.0,1.0,-27.0
2022-03-11,254.0,-19.0,-1.0,-32.0,7.0,2022.0,3.0,4,0,10565.0,1072.0,2.0,-25.0
2022-03-12,252.0,-17.0,9.0,-26.0,2.0,2022.0,3.0,5,1,11043.0,1091.0,0.0,-7.0
2022-03-13,257.0,-16.0,9.0,-24.0,1.0,2022.0,3.0,6,1,11367.0,1393.0,2.0,-4.0
2022-03-14,280.0,-16.0,25.0,-32.0,7.0,2022.0,3.0,0,0,11469.0,1349.0,-1.0,-27.0
2022-03-15,281.0,-17.0,24.0,-32.0,7.0,2022.0,3.0,1,0,11675.0,1437.0,-3.0,-26.0
2022-03-16,281.0,-20.0,-4.0,-34.0,8.0,2022.0,3.0,2,0,11857.0,1445.0,-5.0,-26.0
2022-03-17,292.0,-13.0,31.0,-31.0,7.0,2022.0,3.0,3,0,12161.0,1344.0,1.0,-25.0
2022-03-18,287.0,-14.0,38.0,-29.0,6.0,2022.0,3.0,4,0,12515.0,1232.0,0.0,-26.0
2022-03-19,277.0,-16.0,36.0,-23.0,1.0,2022.0,3.0,5,1,13268.0,1449.0,-3.0,-7.0
2022-03-20,280.0,-12.0,42.0,-20.0,0.0,2022.0,3.0,6,1,13783.0,1514.0,2.0,-5.0
2022-03-21,299.0,-15.0,31.0,-32.0,7.0,2022.0,3.0,0,0,13965.0,1680.0,1.0,-27.0
2022-03-22,316.0,-16.0,42.0,-31.0,6.0,2022.0,3.0,1,0,14404.0,1804.0,-3.0,-26.0
2022-03-23,302.0,-13.0,43.0,-31.0,6.0,2022.0,3.0,2,0,14667.0,1698.0,-3.0,-26.0
2022-03-24,330.0,-12.0,48.0,-30.0,6.0,2022.0,3.0,3,0,14738.0,1712.0,2.0,-27.0
2022-03-25,333.0,-11.0,45.0,-28.0,5.0,2022.0,3.0,4,0,15189.0,1612.0,2.0,-27.0
2022-03-26,345.0,-12.0,48.0,-19.0,0.0,2022.0,3.0,5,1,15980.0,1801.0,2.0,-9.0
2022-03-27,344.0,-10.0,45.0,-17.0,-1.0,2022.0,3.0,6,1,16409.0,1970.0,5.0,-6.0
2022-03-28,363.0,-14.0,33.0,-31.0,7.0,2022.0,3.0,0,0,16652.0,2120.0,7.0,-27.0
2022-03-29,365.0,-18.0,16.0,-32.0,7.0,2022.0,3.0,1,0,17119.0,2129.0,9.0,-26.0
2022-03-30,359.0,-18.0,5.0,-34.0,7.0,2022.0,3.0,2,0,17384.0,2064.0,0.0,-26.0
2022-03-31,356.0,-16.0,8.0,-33.0,7.0,2022.0,3.0,3,0,17321.0,1960.0,2.0,-26.0
2022-04-01,352.0,-16.0,11.0,-31.0,6.0,2022.0,4.0,4,0,18037.0,2044.0,1.0,-27.0
2022-04-02,350.0,-17.0,9.0,-26.0,2.0,2022.0,4.0,5,1,18807.0,2029.0,0.0,-8.0
2022-04-03,342.0,-14.0,26.0,-21.0,1.0,2022.0,4.0,6,1,19052.0,2268.0,2.0,-4.0
2022-04-04,351.0,-17.0,13.0,-34.0,7.0,2022.0,4.0,0,0,19200.0,2416.0,2.0,-28.0
2022-04-05,364.0,-16.0,23.0,-33.0,7.0,2022.0,4.0,1,0,19258.0,2480.0,-2.0,-27.0
2022-04-06,361.0,-16.0,10.0,-34.0,8.0,2022.0,4.0,2,0,19605.0,2323.0,-3.0,-26.0
2022-04-07,357.0,-16.0,18.0,-33.0,7.0,2022.0,4.0,3,0,19263.0,2226.0,0.0,-26.0
2022-04-08,355.0,-13.0,27.0,-29.0,6.0,2022.0,4.0,4,0,19616.0,2121.0,1.0,-25.0
2022-04-09,367.0,-16.0,22.0,-21.0,1.0,2022.0,4.0,5,1,20080.0,2237.0,-1.0,-8.0
2022-04-10,372.0,-10.0,42.0,-17.0,0.0,2022.0,4.0,6,1,20089.0,2540.0,1.0,-5.0
2022-04-11,379.0,-7.0,53.0,-30.0,7.0,2022.0,4.0,0,0,20128.0,2543.0,5.0,-31.0
2022-04-12,385.0,-11.0,35.0,-32.0,8.0,2022.0,4.0,1,0,20049.0,2668.0,1.0,-30.0
2022-04-13,355.0,-7.0,51.0,-30.0,7.0,2022.0,4.0,2,0,19786.0,2414.0,0.0,-30.0
2022-04-14,349.0,1.0,74.0,-27.0,5.0,2022.0,4.0,3,0,19209.0,2124.0,7.0,-30.0
2022-04-15,320.0,-10.0,98.0,-37.0,12.0,2022.0,4.0,4,0,19348.0,2073.0,5.0,-30.0
2022-04-16,332.0,-20.0,61.0,-23.0,1.0,2022.0,4.0,5,1,19785.0,2292.0,6.0,-7.0
2022-04-17,328.0,-33.0,76.0,-21.0,0.0,2022.0,4.0,6,1,19490.0,2442.0,17.0,-4.0
2022-04-18,326.0,-5.0,107.0,-42.0,13.0,2022.0,4.0,0,0,18750.0,2583.0,1.0,-36.0
2022-04-19,336.0,-13.0,49.0,-31.0,7.0,2022.0,4.0,1,0,18248.0,2431.0,4.0,-36.0
2022-04-20,349.0,-11.0,59.0,-30.0,6.0,2022.0,4.0,2,0,17569.0,2245.0,-39.0,-36.0
2022-04-21,338.0,-10.0,66.0,-29.0,6.0,2022.0,4.0,3,0,17501.0,1997.0,-4.0,-38.0
2022-04-22,325.0,-13.0,38.0,-28.0,6.0,2022.0,4.0,4,0,17336.0,1892.0,6.0,-65.0
2022-04-23,325.0,-16.0,24.0,-21.0,1.0,2022.0,4.0,5,1,17238.0,1989.0,4.0,-16.0
2022-04-24,324.0,-12.0,46.0,-16.0,0.0,2022.0,4.0,6,1,17685.0,2097.0,6.0,-17.0
2022-04-25,320.0,-12.0,30.0,-28.0,5.0,2022.0,4.0,0,0,17156.0,2229.0,5.0,-73.0
2022-04-26,326.0,-12.0,35.0,-26.0,5.0,2022.0,4.0,1,0,16230.0,2115.0,2.0,-35.0
2022-04-27,310.0,-12.0,24.0,-27.0,5.0,2022.0,4.0,2,0,15704.0,1889.0,0.0,-31.0
2022-04-28,302.0,-10.0,33.0,-26.0,5.0,2022.0,4.0,3,0,14889.0,1637.0,6.0,-30.0
2022-04-29,305.0,-8.0,40.0,-24.0,4.0,2022.0,4.0,4,0,14773.0,1441.0,6.0,-30.0
2022-04-30,304.0,-10.0,42.0,-15.0,-1.0,2022.0,4.0,5,1,14588.0,1483.0,6.0,-6.0
2022-05-01,293.0,-1.0,34.0,-14.0,-1.0,2022.0,5.0,6,1,13906.0,1662.0,8.0,-3.0
2022-05-02,286.0,0.0,99.0,-40.0,13.0,2022.0,5.0,0,0,13471.0,1614.0,10.0,-25.0
2022-05-03,278.0,-13.0,28.0,-27.0,5.0,2022.0,5.0,1,0,12851.0,1504.0,4.0,-23.0
2022-05-04,277.0,-13.0,20.0,-28.0,5.0,2022.0,5.0,2,0,12287.0,1429.0,1.0,-23.0
2022-05-05,253.0,-7.0,50.0,-26.0,4.0,2022.0,5.0,3,0,11754.0,1361.0,-5.0,-23.0
2022-05-06,237.0,-11.0,34.0,-26.0,4.0,2022.0,5.0,4,0,11536.0,1201.0,9.0,-24.0
2022-05-07,226.0,-12.0,36.0,-18.0,0.0,2022.0,5.0,5,1,11535.0,1180.0,5.0,-6.0
2022-05-08,227.0,-6.0,63.0,-13.0,-1.0,2022.0,5.0,6,1,11428.0,1268.0,9.0,-4.0
2022-05-09,213.0,-11.0,38.0,-27.0,5.0,2022.0,5.0,0,0,11094.0,1247.0,6.0,-71.0
2022-05-10,203.0,-12.0,34.0,-26.0,4.0,2022.0,5.0,1,0,10604.0,1222.0,2.0,-25.0
2022-05-11,202.0,-13.0,15.0,-27.0,5.0,2022.0,5.0,2,0,10090.0,1071.0,3.0,-23.0
2022-05-12,191.0,-10.0,40.0,-26.0,4.0,2022.0,5.0,3,0,9584.0,996.0,6.0,-23.0
2022-05-13,189.0,-10.0,42.0,-25.0,4.0,2022.0,5.0,4,0,9525.0,823.0,7.0,-23.0
2022-05-14,197.0,-14.0,56.0,-16.0,-1.0,2022.0,5.0,5,1,9449.0,905.0,4.0,-4.0
2022-05-15,199.0,-11.0,25.0,-15.0,0.0,2022.0,5.0,6,1,9140.0,943.0,7.0,-1.0
2022-05-16,189.0,-12.0,30.0,-27.0,5.0,2022.0,5.0,0,0,8752.0,1018.0,8.0,-24.0
2022-05-17,201.0,-11.0,48.0,-25.0,4.0,2022.0,5.0,1,0,8301.0,1002.0,3.0,-23.0
2022-05-18,188.0,-10.0,42.0,-25.0,4.0,2022.0,5.0,2,0,8000.0,871.0,1.0,-23.0
2022-05-19,191.0,-9.0,55.0,-25.0,4.0,2022.0,5.0,3,0,7662.0,823.0,6.0,-22.0
2022-05-20,194.0,-12.0,26.0,-25.0,4.0,2022.0,5.0,4,0,7646.0,703.0,6.0,-23.0
2022-05-21,184.0,-13.0,43.0,-16.0,-1.0,2022.0,5.0,5,1,7468.0,751.0,7.0,-5.0
2022-05-22,175.0,-8.0,56.0,-11.0,-1.0,2022.0,5.0,6,1,7136.0,848.0,8.0,-3.0
2022-05-23,168.0,-12.0,31.0,-26.0,5.0,2022.0,5.0,0,0,6763.0,873.0,7.0,-25.0
2022-05-24,160.0,-12.0,32.0,-25.0,5.0,2022.0,5.0,1,0,6618.0,773.0,3.0,-23.0
2022-05-25,153.0,-10.0,23.0,-25.0,5.0,2022.0,5.0,2,0,6407.0,792.0,3.0,-22.0
2022-05-26,151.0,-8.0,37.0,-24.0,4.0,2022.0,5.0,3,0,6190.0,631.0,7.0,-23.0
2022-05-27,149.0,-7.0,54.0,-21.0,3.0,2022.0,5.0,4,0,6137.0,618.0,7.0,-23.0
2022-05-28,140.0,-13.0,48.0,-13.0,-2.0,2022.0,5.0,5,1,6124.0,635.0,7.0,-5.0
2022-05-29,135.0,-7.0,47.0,-9.0,-1.0,2022.0,5.0,6,1,5746.0,697.0,9.0,-2.0
2022-05-30,134.0,-2.0,54.0,-26.0,6.0,2022.0,5.0,0,0,5603.0,673.0,9.0,-24.0
2022-05-31,133.0,-1.0,51.0,-26.0,6.0,2022.0,5.0,1,0,5474.0,723.0,4.0,-23.0
2022-06-01,139.0,9.0,74.0,-21.0,4.0,2022.0,6.0,2,0,5224.0,658.0,2.0,-23.0
2022-06-02,141.0,7.0,151.0,-30.0,10.0,2022.0,6.0,3,0,5030.0,532.0,8.0,-23.0
2022-06-03,136.0,-13.0,112.0,-36.0,12.0,2022.0,6.0,4,0,4979.0,454.0,11.0,-24.0
2022-06-04,127.0,-23.0,51.0,-20.0,0.0,2022.0,6.0,5,1,5060.0,536.0,20.0,-6.0
2022-06-05,128.0,-21.0,17.0,-15.0,0.0,2022.0,6.0,6,1,5021.0,595.0,10.0,-3.0
2022-06-06,136.0,-12.0,37.0,-28.0,6.0,2022.0,6.0,0,0,4775.0,584.0,-5.0,-36.0
2022-06-07,132.0,-12.0,46.0,-24.0,5.0,2022.0,6.0,1,0,4797.0,599.0,-3.0,-35.0
2022-06-08,139.0,-12.0,31.0,-25.0,5.0,2022.0,6.0,2,0,4805.0,507.0,-4.0,-36.0
2022-06-09,146.0,-11.0,40.0,-24.0,5.0,2022.0,6.0,3,0,4765.0,529.0,8.0,-67.0
2022-06-10,135.0,-10.0,50.0,-22.0,4.0,2022.0,6.0,4,0,4912.0,457.0,8.0,-68.0
2022-06-11,145.0,-15.0,45.0,-15.0,-1.0,2022.0,6.0,5,1,5102.0,521.0,8.0,-14.0
2022-06-12,147.0,-8.0,55.0,-10.0,-1.0,2022.0,6.0,6,1,5122.0,574.0,8.0,-6.0
2022-06-13,152.0,-9.0,52.0,-23.0,4.0,2022.0,6.0,0,0,5109.0,597.0,8.0,-29.0
2022-06-14,153.0,-9.0,60.0,-22.0,4.0,2022.0,6.0,1,0,5112.0,584.0,3.0,-25.0
2022-06-15,153.0,-8.0,58.0,-22.0,4.0,2022.0,6.0,2,0,5310.0,530.0,4.0,-24.0
2022-06-16,149.0,-7.0,66.0,-22.0,4.0,2022.0,6.0,3,0,5314.0,505.0,9.0,-24.0
2022-06-17,138.0,-11.0,67.0,-21.0,4.0,2022.0,6.0,4,0,5485.0,532.0,9.0,-24.0
2022-06-18,159.0,-16.0,28.0,-16.0,0.0,2022.0,6.0,5,1,5752.0,643.0,11.0,-4.0
2022-06-19,161.0,-5.0,46.0,-9.0,-1.0,2022.0,6.0,6,1,5871.0,749.0,13.0,-1.0
2022-06-20,174.0,-8.0,67.0,-22.0,4.0,2022.0,6.0,0,0,6054.0,727.0,11.0,-25.0
2022-06-21,172.0,-10.0,66.0,-36.0,5.0,2022.0,6.0,1,0,6238.0,811.0,6.0,-23.0
2022-06-22,172.0,-10.0,64.0,-28.0,5.0,2022.0,6.0,2,0,6320.0,775.0,6.0,-23.0
2022-06-23,178.0,-11.0,59.0,-35.0,5.0,2022.0,6.0,3,0,6509.0,750.0,10.0,-24.0
2022-06-24,191.0,-10.0,50.0,-24.0,4.0,2022.0,6.0,4,0,6805.0,701.0,11.0,-26.0
2022-06-25,203.0,-14.0,46.0,-24.0,0.0,2022.0,6.0,5,1,7167.0,786.0,10.0,-6.0
2022-06-26,214.0,-7.0,54.0,-11.0,-1.0,2022.0,6.0,6,1,7467.0,883.0,10.0,-1.0
2022-06-27,218.0,-9.0,43.0,-23.0,5.0,2022.0,6.0,0,0,7759.0,945.0,9.0,-25.0
2022-06-28,237.0,-10.0,40.0,-23.0,5.0,2022.0,6.0,1,0,8028.0,1035.0,4.0,-26.0
2022-06-29,234.0,-8.0,36.0,-23.0,5.0,2022.0,6.0,2,0,8450.0,1002.0,4.0,-25.0
2022-06-30,253.0,-6.0,45.0,-22.0,5.0,2022.0,6.0,3,0,8743.0,1011.0,8.0,-26.0
2022-07-01,264.0,-9.0,47.0,-20.0,4.0,2022.0,7.0,4,0,9315.0,936.0,8.0,-26.0
2022-07-02,254.0,-14.0,41.0,-13.0,0.0,2022.0,7.0,5,1,9784.0,1086.0,8.0,-6.0
2022-07-03,257.0,-8.0,56.0,-8.0,-1.0,2022.0,7.0,6,1,10123.0,1250.0,10.0,-2.0
2022-07-04,265.0,-8.0,56.0,-23.0,5.0,2022.0,7.0,0,0,10686.0,1384.0,8.0,-26.0
2022-07-05,273.0,-9.0,58.0,-23.0,5.0,2022.0,7.0,1,0,11087.0,1351.0,2.0,-25.0
2022-07-06,260.0,-9.0,46.0,-24.0,5.0,2022.0,7.0,2,0,11627.0,1454.0,3.0,-24.0
2022-07-07,271.0,-7.0,66.0,-23.0,4.0,2022.0,7.0,3,0,11932.0,1330.0,9.0,-25.0
2022-07-08,267.0,-9.0,68.0,-22.0,4.0,2022.0,7.0,4,0,12330.0,1230.0,9.0,-27.0
2022-07-09,271.0,-16.0,69.0,-12.0,-1.0,2022.0,7.0,5,1,13111.0,1472.0,7.0,-6.0
2022-07-10,295.0,-10.0,79.0,-6.0,-2.0,2022.0,7.0,6,1,13588.0,1660.0,10.0,-3.0
2022-07-11,306.0,-7.0,71.0,-23.0,5.0,2022.0,7.0,0,0,14086.0,1719.0,10.0,-28.0
2022-07-12,299.0,-10.0,60.0,-24.0,5.0,2022.0,7.0,1,0,14482.0,1833.0,4.0,-26.0
2022-07-13,315.0,-7.0,62.0,-24.0,5.0,2022.0,7.0,2,0,14908.0,1854.0,6.0,-26.0
2022-07-14,320.0,-6.0,69.0,-23.0,5.0,2022.0,7.0,3,0,15091.0,1546.0,13.0,-26.0
2022-07-15,326.0,-13.0,64.0,-23.0,5.0,2022.0,7.0,4,0,15590.0,1590.0,9.0,-28.0
2022-07-16,343.0,-16.0,61.0,-12.0,-1.0,2022.0,7.0,5,1,16065.0,1973.0,10.0,-8.0
2022-07-17,324.0,-11.0,64.0,-8.0,-1.0,2022.0,7.0,6,1,16470.0,2156.0,11.0,-5.0
2022-07-18,337.0,-13.0,59.0,-30.0,10.0,2022.0,7.0,0,0,16602.0,2176.0,4.0,-30.0
2022-07-19,352.0,-16.0,42.0,-34.0,16.0,2022.0,7.0,1,0,16704.0,2191.0,7.0,-29.0
2022-07-20,325.0,-5.0,51.0,-24.0,6.0,2022.0,7.0,2,0,16831.0,2233.0,8.0,-27.0
2022-07-21,320.0,-4.0,64.0,-23.0,5.0,2022.0,7.0,3,0,16500.0,1921.0,10.0,-27.0
2022-07-22,335.0,-9.0,52.0,-23.0,6.0,2022.0,7.0,4,0,16602.0,1803.0,9.0,-29.0
2022-07-23,319.0,-15.0,49.0,-14.0,0.0,2022.0,7.0,5,1,16747.0,2069.0,14.0,-7.0
2022-07-24,341.0,-12.0,50.0,-13.0,0.0,2022.0,7.0,6,1,16558.0,2254.0,12.0,-4.0
2022-07-25,349.0,-4.0,63.0,-25.0,7.0,2022.0,7.0,0,0,16254.0,2207.0,8.0,-33.0
2022-07-26,339.0,-4.0,78.0,-23.0,6.0,2022.0,7.0,1,0,16051.0,2173.0,3.0,-33.0
2022-07-27,318.0,-3.0,76.0,-33.0,7.0,2022.0,7.0,2,0,15796.0,2052.0,-1.0,-27.0
2022-07-28,308.0,-2.0,82.0,-25.0,6.0,2022.0,7.0,3,0,14966.0,1682.0,9.0,-28.0
2022-07-29,296.0,-4.0,82.0,-21.0,5.0,2022.0,7.0,4,0,15044.0,1538.0,9.0,-31.0
2022-07-30,282.0,-13.0,49.0,-16.0,-1.0,2022.0,7.0,5,1,14981.0,1860.0,9.0,-7.0
2022-07-31,266.0,-7.0,54.0,-7.0,-1.0,2022.0,7.0,6,1,14556.0,1988.0,11.0,-5.0
2022-08-01,280.0,-1.0,90.0,-23.0,6.0,2022.0,8.0,0,0,14262.0,2037.0,9.0,-35.0
2022-08-02,273.0,-4.0,74.0,-25.0,7.0,2022.0,8.0,1,0,13716.0,1929.0,2.0,-34.0
2022-08-03,262.0,-3.0,82.0,-24.0,6.0,2022.0,8.0,2,0,13366.0,1735.0,3.0,-35.0
2022-08-04,258.0,-3.0,94.0,-24.0,6.0,2022.0,8.0,3,0,12670.0,1417.0,10.0,-34.0
2022-08-05,249.0,-7.0,82.0,-23.0,5.0,2022.0,8.0,4,0,12540.0,1305.0,9.0,-36.0
2022-08-06,241.0,-15.0,67.0,-10.0,-1.0,2022.0,8.0,5,1,12502.0,1440.0,9.0,-9.0
2022-08-07,234.0,-7.0,82.0,-5.0,-2.0,2022.0,8.0,6,1,12203.0,1509.0,10.0,-4.0
2022-08-08,246.0,-3.0,100.0,-23.0,5.0,2022.0,8.0,0,0,11796.0,1465.0,8.0,-37.0
2022-08-09,254.0,-5.0,97.0,-24.0,5.0,2022.0,8.0,1,0,11411.0,1360.0,2.0,-36.0
2022-08-10,240.0,-5.0,93.0,-25.0,6.0,2022.0,8.0,2,0,10973.0,1320.0,4.0,-35.0
2022-08-11,230.0,-7.0,98.0,-25.0,6.0,2022.0,8.0,3,0,10566.0,1133.0,11.0,-35.0
2022-08-12,219.0,-12.0,85.0,-24.0,5.0,2022.0,8.0,4,0,10510.0,1046.0,10.0,-37.0
2022-08-13,216.0,-20.0,66.0,-18.0,-1.0,2022.0,8.0,5,1,10604.0,1240.0,10.0,-10.0
2022-08-14,211.0,-12.0,73.0,-8.0,-1.0,2022.0,8.0,6,1,10271.0,1248.0,11.0,-5.0
2022-08-15,222.0,-5.0,75.0,-25.0,8.0,2022.0,8.0,0,0,10120.0,1197.0,8.0,-37.0
2022-08-16,214.0,-6.0,56.0,-26.0,8.0,2022.0,8.0,1,0,9938.0,1189.0,2.0,-36.0
2022-08-17,224.0,-6.0,59.0,-25.0,9.0,2022.0,8.0,2,0,9665.0,1123.0,3.0,-35.0
2022-08-18,201.0,-5.0,79.0,-34.0,9.0,2022.0,8.0,3,0,9601.0,1014.0,10.0,-36.0
2022-08-19,196.0,-8.0,76.0,-28.0,8.0,2022.0,8.0,4,0,9750.0,844.0,7.0,-37.0
2022-08-20,179.0,-15.0,55.0,-23.0,1.0,2022.0,8.0,5,1,9724.0,984.0,6.0,-10.0
2022-08-21,178.0,-7.0,70.0,-8.0,0.0,2022.0,8.0,6,1,9433.0,1087.0,9.0,-5.0
2022-08-22,172.0,-4.0,65.0,-25.0,8.0,2022.0,8.0,0,0,9048.0,1083.0,7.0,-36.0
2022-08-23,144.0,-4.0,78.0,-24.0,8.0,2022.0,8.0,1,0,8913.0,1126.0,2.0,-35.0
2022-08-24,161.0,-4.0,71.0,-24.0,8.0,2022.0,8.0,2,0,8516.0,1012.0,2.0,-34.0
2022-08-25,153.0,-5.0,69.0,-26.0,8.0,2022.0,8.0,3,0,8190.0,864.0,7.0,-35.0
2022-08-26,147.0,-5.0,84.0,-22.0,7.0,2022.0,8.0,4,0,8116.0,842.0,8.0,-36.0
2022-08-27,145.0,-14.0,71.0,-11.0,0.0,2022.0,8.0,5,1,8218.0,838.0,8.0,-8.0
2022-08-28,147.0,-1.0,93.0,-4.0,-2.0,2022.0,8.0,6,1,7753.0,969.0,8.0,-3.0
2022-08-29,154.0,0.0,122.0,-35.0,12.0,2022.0,8.0,0,0,7572.0,904.0,9.0,-36.0
2022-08-30,156.0,-4.0,68.0,-25.0,6.0,2022.0,8.0,1,0,7500.0,865.0,2.0,-34.0
2022-08-31,163.0,-2.0,63.0,-25.0,7.0,2022.0,8.0,2,0,7005.0,769.0,2.0,-34.0
2022-09-01,166.0,-6.0,65.0,-25.0,5.0,2022.0,9.0,3,0,6947.0,735.0,-1.0,-35.0
2022-09-02,158.0,-9.0,54.0,-24.0,5.0,2022.0,9.0,4,0,6871.0,637.0,12.0,-37.0
2022-09-03,148.0,-12.0,33.0,-14.0,0.0,2022.0,9.0,5,1,6930.0,672.0,10.0,-10.0
2022-09-04,132.0,-9.0,40.0,-12.0,0.0,2022.0,9.0,6,1,6930.0,749.0,9.0,-4.0
2022-09-05,139.0,-7.0,44.0,-24.0,5.0,2022.0,9.0,0,0,6828.0,791.0,7.0,-69.0
2022-09-06,150.0,-12.0,28.0,-24.0,5.0,2022.0,9.0,1,0,6733.0,730.0,2.0,-35.0
2022-09-07,133.0,-11.0,30.0,-23.0,5.0,2022.0,9.0,2,0,6497.0,741.0,5.0,-33.0
2022-09-08,143.0,-12.0,26.0,-24.0,5.0,2022.0,9.0,3,0,6322.0,575.0,8.0,-31.0
2022-09-09,136.0,-13.0,28.0,-23.0,5.0,2022.0,9.0,4,0,6359.0,525.0,6.0,-31.0
2022-09-10,141.0,-15.0,35.0,-15.0,0.0,2022.0,9.0,5,1,6363.0,602.0,7.0,-8.0
2022-09-11,144.0,-10.0,45.0,-9.0,0.0,2022.0,9.0,6,1,6257.0,674.0,5.0,-3.0
2022-09-12,136.0,-11.0,42.0,-21.0,5.0,2022.0,9.0,0,0,6078.0,674.0,6.0,-29.0
2022-09-13,160.0,-11.0,37.0,-21.0,4.0,2022.0,9.0,1,0,6022.0,646.0,3.0,-27.0
2022-09-14,152.0,-10.0,39.0,-21.0,4.0,2022.0,9.0,2,0,5915.0,612.0,4.0,-26.0
2022-09-15,150.0,-9.0,44.0,-23.0,4.0,2022.0,9.0,3,0,5752.0,546.0,7.0,-27.0
2022-09-16,139.0,-9.0,40.0,-20.0,4.0,2022.0,9.0,4,0,5784.0,498.0,7.0,-27.0
2022-09-17,133.0,-11.0,38.0,-11.0,-1.0,2022.0,9.0,5,1,5725.0,534.0,7.0,-7.0
2022-09-18,140.0,-1.0,45.0,-6.0,-2.0,2022.0,9.0,6,1,5677.0,616.0,9.0,-2.0
2022-09-19,136.0,-60.0,46.0,-53.0,21.0,2022.0,9.0,0,0,5596.0,633.0,10.0,-27.0
2022-09-20,151.0,-8.0,36.0,-20.0,4.0,2022.0,9.0,1,0,5625.0,608.0,7.0,-27.0
2022-09-21,159.0,-9.0,35.0,-21.0,4.0,2022.0,9.0,2,0,5591.0,586.0,20.0,-26.0
2022-09-22,166.0,-10.0,34.0,-21.0,5.0,2022.0,9.0,3,0,5487.0,490.0,-61.0,-26.0
2022-09-23,168.0,-10.0,33.0,-20.0,4.0,2022.0,9.0,4,0,5585.0,451.0,22.0,-27.0
2022-09-24,164.0,-11.0,31.0,-12.0,0.0,2022.0,9.0,5,1,5751.0,542.0,11.0,-7.0
2022-09-25,176.0,-7.0,37.0,-10.0,0.0,2022.0,9.0,6,1,5906.0,526.0,9.0,-4.0
2022-09-26,170.0,-10.0,21.0,-22.0,5.0,2022.0,9.0,0,0,6199.0,595.0,10.0,-78.0
2022-09-27,177.0,-11.0,18.0,-22.0,5.0,2022.0,9.0,1,0,6480.0,602.0,6.0,-26.0
2022-09-28,179.0,-7.0,23.0,-21.0,5.0,2022.0,9.0,2,0,6735.0,569.0,5.0,-26.0
2022-09-29,179.0,-8.0,31.0,-21.0,4.0,2022.0,9.0,3,0,6950.0,499.0,7.0,-26.0
2022-09-30,175.0,-12.0,4.0,-22.0,5.0,2022.0,9.0,4,0,7222.0,504.0,9.0,-27.0
2022-10-01,183.0,-8.0,20.0,-21.0,0.0,2022.0,10.0,5,1,7676.0,577.0,10.0,-7.0
2022-10-02,194.0,-6.0,32.0,-10.0,0.0,2022.0,10.0,6,1,8033.0,794.0,11.0,-4.0
2022-10-03,206.0,-8.0,29.0,-21.0,5.0,2022.0,10.0,0,0,8289.0,845.0,6.0,-28.0
2022-10-04,209.0,-11.0,17.0,-21.0,5.0,2022.0,10.0,1,0,8559.0,871.0,8.0,-26.0
2022-10-05,215.0,-13.0,4.0,-31.0,6.0,2022.0,10.0,2,0,8975.0,865.0,5.0,-25.0
2022-10-06,210.0,-9.0,29.0,-22.0,5.0,2022.0,10.0,3,0,9407.0,727.0,10.0,-25.0
2022-10-07,214.0,-12.0,17.0,-22.0,5.0,2022.0,10.0,4,0,9749.0,744.0,8.0,-26.0
2022-10-08,223.0,-9.0,31.0,-22.0,0.0,2022.0,10.0,5,1,10268.0,986.0,6.0,-8.0
2022-10-09,218.0,-8.0,32.0,-12.0,0.0,2022.0,10.0,6,1,10770.0,1016.0,9.0,-3.0
2022-10-10,221.0,-10.0,30.0,-23.0,5.0,2022.0,10.0,0,0,11142.0,1062.0,7.0,-26.0
2022-10-11,241.0,-11.0,29.0,-21.0,5.0,2022.0,10.0,1,0,11460.0,1166.0,6.0,-24.0
2022-10-12,240.0,-11.0,16.0,-22.0,5.0,2022.0,10.0,2,0,11635.0,1184.0,3.0,-26.0
2022-10-13,248.0,-9.0,30.0,-21.0,5.0,2022.0,10.0,3,0,11630.0,903.0,7.0,-23.0
2022-10-14,243.0,-10.0,18.0,-21.0,5.0,2022.0,10.0,4,0,11813.0,1124.0,7.0,-25.0
2022-10-15,236.0,-11.0,13.0,-15.0,1.0,2022.0,10.0,5,1,12071.0,1284.0,6.0,-6.0
