date,covidOccupiedMVBeds,hospitalCases,newAdmissions,newPeopleVaccinatedCompleteByVaccinationDate,newPeopleVaccinatedFirstDoseByVaccinationDate,newPeopleVaccinatedSecondDoseByVaccinationDate,newPeopleVaccinatedThirdInjectionByVaccinationDate,newDailyNsoDeathsByDeathDate,newCasesBySpecimenDate,newVirusTestsBySpecimenDate,retail_and_recreation_percent_change_from_baseline,grocery_and_pharmacy_percent_change_from_baseline,parks_percent_change_from_baseline,transit_stations_percent_change_from_baseline,workplaces_percent_change_from_baseline,residential_percent_change_from_baseline
2020-06-01,652.0,7171.0,605.0,0.0,0.0,0.0,0.0,199.0,1439.0,51462.0,-56.0,-13.0,74.0,-51.0,-53.0,19.0
2020-06-02,636.0,7014.0,666.0,0.0,0.0,0.0,0.0,233.0,1492.0,63137.0,-59.0,-15.0,78.0,-51.0,-54.0,19.0
2020-06-03,602.0,6750.0,632.0,0.0,0.0,0.0,0.0,203.0,1369.0,67930.0,-62.0,-19.0,0.0,-57.0,-54.0,22.0
2020-06-04,571.0,6525.0,562.0,0.0,0.0,0.0,0.0,183.0,1249.0,65373.0,-61.0,-17.0,19.0,-56.0,-54.0,22.0
2020-06-05,554.0,6325.0,472.0,0.0,0.0,0.0,0.0,184.0,1123.0,70327.0,-63.0,-17.0,9.0,-56.0,-53.0,22.0
2020-06-06,540.0,6097.0,406.0,0.0,0.0,0.0,0.0,151.0,804.0,59031.0,-70.0,-22.0,-17.0,-57.0,-33.0,14.0
2020-06-07,515.0,5892.0,405.0,0.0,0.0,0.0,0.0,163.0,722.0,55399.0,-67.0,-23.0,22.0,-51.0,-28.0,10.0
2020-06-08,509.0,5879.0,410.0,0.0,0.0,0.0,0.0,161.0,1099.0,52789.0,-56.0,-17.0,44.0,-54.0,-52.0,19.0
2020-06-09,491.0,5684.0,487.0,0.0,0.0,0.0,0.0,137.0,1165.0,65734.0,-58.0,-17.0,56.0,-53.0,-52.0,20.0
2020-06-10,439.0,5423.0,506.0,0.0,0.0,0.0,0.0,166.0,1196.0,67832.0,-61.0,-19.0,-1.0,-58.0,-52.0,21.0
2020-06-11,390.0,5132.0,442.0,0.0,0.0,0.0,0.0,121.0,1013.0,67625.0,-59.0,-17.0,15.0,-58.0,-52.0,21.0
2020-06-12,393.0,5045.0,392.0,0.0,0.0,0.0,0.0,135.0,1053.0,68079.0,-61.0,-17.0,6.0,-57.0,-51.0,21.0
2020-06-13,390.0,4898.0,385.0,0.0,0.0,0.0,0.0,101.0,886.0,61412.0,-65.0,-17.0,41.0,-49.0,-24.0,11.0
2020-06-14,393.0,4866.0,364.0,0.0,0.0,0.0,0.0,136.0,826.0,44509.0,-63.0,-20.0,65.0,-46.0,-19.0,8.0
2020-06-15,385.0,4829.0,439.0,0.0,0.0,0.0,0.0,107.0,1045.0,57884.0,-46.0,-14.0,63.0,-50.0,-50.0,18.0
2020-06-16,378.0,4825.0,454.0,0.0,0.0,0.0,0.0,120.0,1103.0,59078.0,-50.0,-13.0,53.0,-51.0,-50.0,19.0
2020-06-17,357.0,4687.0,430.0,0.0,0.0,0.0,0.0,105.0,1017.0,58435.0,-52.0,-14.0,34.0,-52.0,-50.0,19.0
2020-06-18,352.0,4530.0,401.0,0.0,0.0,0.0,0.0,89.0,1022.0,57969.0,-54.0,-15.0,8.0,-56.0,-52.0,20.0
2020-06-19,330.0,4389.0,337.0,0.0,0.0,0.0,0.0,88.0,993.0,61661.0,-53.0,-11.0,20.0,-52.0,-50.0,19.0
2020-06-20,346.0,4225.0,254.0,0.0,0.0,0.0,0.0,87.0,683.0,49129.0,-57.0,-10.0,49.0,-43.0,-20.0,9.0
2020-06-21,310.0,4192.0,285.0,0.0,0.0,0.0,0.0,80.0,636.0,38717.0,-58.0,-17.0,37.0,-44.0,-14.0,7.0
2020-06-22,340.0,4251.0,391.0,0.0,0.0,0.0,0.0,83.0,899.0,46824.0,-45.0,-13.0,72.0,-49.0,-51.0,17.0
2020-06-23,311.0,4103.0,359.0,0.0,0.0,0.0,0.0,97.0,883.0,59620.0,-48.0,-10.0,90.0,-48.0,-51.0,17.0
2020-06-24,316.0,4003.0,366.0,0.0,0.0,0.0,0.0,101.0,777.0,58020.0,-49.0,-8.0,98.0,-47.0,-49.0,17.0
2020-06-25,276.0,3820.0,322.0,0.0,0.0,0.0,0.0,108.0,726.0,57361.0,-49.0,-6.0,102.0,-47.0,-49.0,17.0
2020-06-26,268.0,3596.0,337.0,0.0,0.0,0.0,0.0,79.0,666.0,59309.0,-51.0,-9.0,50.0,-48.0,-49.0,18.0
2020-06-27,270.0,3523.0,286.0,0.0,0.0,0.0,0.0,73.0,653.0,53249.0,-59.0,-15.0,-7.0,-49.0,-24.0,11.0
2020-06-28,270.0,3535.0,207.0,0.0,0.0,0.0,0.0,70.0,449.0,43442.0,-56.0,-19.0,22.0,-46.0,-17.0,8.0
2020-06-29,262.0,3728.0,219.0,0.0,0.0,0.0,0.0,69.0,724.0,54228.0,-45.0,-14.0,22.0,-50.0,-49.0,17.0
2020-06-30,279.0,3361.0,294.0,0.0,0.0,0.0,0.0,81.0,623.0,72052.0,-45.0,-12.0,34.0,-50.0,-48.0,17.0
2020-07-01,259.0,3176.0,270.0,0.0,0.0,0.0,0.0,54.0,652.0,77237.0,-47.0,-13.0,34.0,-49.0,-48.0,17.0
2020-07-02,239.0,3058.0,214.0,0.0,0.0,0.0,0.0,61.0,606.0,76494.0,-47.0,-11.0,39.0,-49.0,-48.0,17.0
2020-07-03,231.0,2924.0,213.0,0.0,0.0,0.0,0.0,48.0,568.0,84706.0,-49.0,-12.0,20.0,-49.0,-47.0,18.0
2020-07-04,221.0,2782.0,199.0,0.0,0.0,0.0,0.0,52.0,399.0,67361.0,-51.0,-15.0,13.0,-41.0,-18.0,8.0
2020-07-05,217.0,2721.0,195.0,0.0,0.0,0.0,0.0,52.0,558.0,51543.0,-48.0,-18.0,53.0,-37.0,-14.0,6.0
2020-07-06,209.0,2678.0,202.0,0.0,0.0,0.0,0.0,54.0,714.0,56222.0,-36.0,-11.0,76.0,-43.0,-48.0,14.0
2020-07-07,197.0,2576.0,214.0,0.0,0.0,0.0,0.0,43.0,609.0,79427.0,-40.0,-12.0,52.0,-45.0,-48.0,16.0
2020-07-08,185.0,2432.0,205.0,0.0,0.0,0.0,0.0,47.0,713.0,88931.0,-42.0,-14.0,29.0,-47.0,-47.0,16.0
2020-07-09,188.0,2323.0,211.0,0.0,0.0,0.0,0.0,61.0,722.0,96969.0,-42.0,-12.0,38.0,-46.0,-47.0,16.0
2020-07-10,191.0,2224.0,175.0,0.0,0.0,0.0,0.0,44.0,568.0,108028.0,-41.0,-10.0,67.0,-40.0,-46.0,14.0
2020-07-11,168.0,2098.0,176.0,0.0,0.0,0.0,0.0,38.0,458.0,85349.0,-47.0,-12.0,69.0,-32.0,-14.0,6.0
2020-07-12,159.0,2082.0,114.0,0.0,0.0,0.0,0.0,32.0,366.0,66658.0,-43.0,-15.0,103.0,-27.0,-10.0,3.0
2020-07-13,162.0,2096.0,189.0,0.0,0.0,0.0,0.0,45.0,740.0,68752.0,-35.0,-11.0,71.0,-42.0,-48.0,14.0
2020-07-14,145.0,1977.0,186.0,0.0,0.0,0.0,0.0,42.0,705.0,88268.0,-36.0,-11.0,73.0,-43.0,-48.0,15.0
2020-07-15,153.0,1957.0,167.0,0.0,0.0,0.0,0.0,41.0,777.0,101112.0,-33.0,-13.0,52.0,-47.0,-46.0,15.0
2020-07-16,142.0,1814.0,166.0,0.0,0.0,0.0,0.0,21.0,712.0,120708.0,-31.0,-10.0,85.0,-45.0,-45.0,14.0
2020-07-17,143.0,1791.0,144.0,0.0,0.0,0.0,0.0,34.0,582.0,125016.0,-33.0,-10.0,93.0,-41.0,-44.0,13.0
2020-07-18,137.0,1760.0,103.0,0.0,0.0,0.0,0.0,31.0,505.0,102211.0,-40.0,-13.0,61.0,-35.0,-14.0,5.0
2020-07-19,131.0,1725.0,125.0,0.0,0.0,0.0,0.0,24.0,448.0,74881.0,-35.0,-16.0,78.0,-32.0,-10.0,3.0
2020-07-20,129.0,1715.0,129.0,0.0,0.0,0.0,0.0,31.0,830.0,70581.0,-25.0,-9.0,114.0,-42.0,-48.0,13.0
2020-07-21,137.0,1617.0,125.0,0.0,0.0,0.0,0.0,31.0,788.0,94405.0,-28.0,-10.0,116.0,-43.0,-48.0,13.0
2020-07-22,110.0,1732.0,157.0,0.0,0.0,0.0,0.0,34.0,816.0,91536.0,-29.0,-11.0,89.0,-44.0,-46.0,14.0
2020-07-23,111.0,1522.0,198.0,0.0,0.0,0.0,0.0,36.0,808.0,101395.0,-30.0,-9.0,81.0,-45.0,-47.0,14.0
2020-07-24,104.0,1435.0,156.0,0.0,0.0,0.0,0.0,19.0,774.0,119039.0,-32.0,-12.0,95.0,-40.0,-46.0,13.0
2020-07-25,93.0,1384.0,119.0,0.0,0.0,0.0,0.0,23.0,530.0,101127.0,-40.0,-16.0,25.0,-37.0,-15.0,6.0
2020-07-26,92.0,1366.0,109.0,0.0,0.0,0.0,0.0,32.0,563.0,76920.0,-33.0,-17.0,78.0,-30.0,-9.0,3.0
2020-07-27,97.0,1353.0,128.0,0.0,0.0,0.0,0.0,18.0,869.0,75107.0,-29.0,-14.0,40.0,-46.0,-51.0,14.0
2020-07-28,93.0,1352.0,118.0,0.0,0.0,0.0,0.0,26.0,856.0,104118.0,-26.0,-10.0,100.0,-42.0,-48.0,14.0
2020-07-29,87.0,1332.0,130.0,0.0,0.0,0.0,0.0,28.0,1062.0,106270.0,-25.0,-10.0,107.0,-41.0,-48.0,13.0
2020-07-30,84.0,1298.0,132.0,0.0,0.0,0.0,0.0,17.0,946.0,115732.0,-23.0,-7.0,120.0,-41.0,-48.0,13.0
2020-07-31,86.0,1249.0,112.0,0.0,0.0,0.0,0.0,31.0,698.0,119058.0,-29.0,-11.0,120.0,-37.0,-48.0,11.0
2020-08-01,92.0,1272.0,127.0,0.0,0.0,0.0,0.0,20.0,559.0,98527.0,-36.0,-14.0,72.0,-30.0,-14.0,4.0
2020-08-02,85.0,1235.0,92.0,0.0,0.0,0.0,0.0,17.0,564.0,95588.0,-28.0,-15.0,93.0,-27.0,-9.0,2.0
2020-08-03,77.0,1234.0,108.0,0.0,0.0,0.0,0.0,23.0,1060.0,109100.0,-15.0,-11.0,115.0,-39.0,-49.0,11.0
2020-08-04,76.0,1198.0,124.0,0.0,0.0,0.0,0.0,27.0,1066.0,113941.0,-19.0,-13.0,89.0,-42.0,-49.0,13.0
2020-08-05,73.0,1184.0,139.0,0.0,0.0,0.0,0.0,13.0,1091.0,114581.0,-16.0,-13.0,86.0,-43.0,-48.0,13.0
2020-08-06,69.0,1137.0,98.0,0.0,0.0,0.0,0.0,21.0,1105.0,120275.0,-23.0,-10.0,120.0,-42.0,-48.0,12.0
2020-08-07,67.0,1078.0,118.0,0.0,0.0,0.0,0.0,24.0,973.0,120979.0,-28.0,-12.0,114.0,-39.0,-48.0,11.0
2020-08-08,62.0,1010.0,138.0,0.0,0.0,0.0,0.0,22.0,710.0,105393.0,-35.0,-14.0,92.0,-31.0,-13.0,3.0
2020-08-09,65.0,965.0,105.0,0.0,0.0,0.0,0.0,19.0,627.0,112466.0,-28.0,-15.0,103.0,-27.0,-8.0,1.0
2020-08-10,70.0,1070.0,87.0,0.0,0.0,0.0,0.0,25.0,1499.0,119093.0,-11.0,-11.0,118.0,-40.0,-48.0,11.0
2020-08-11,73.0,1021.0,113.0,0.0,0.0,0.0,0.0,20.0,1378.0,121984.0,-13.0,-11.0,118.0,-41.0,-48.0,12.0
2020-08-12,80.0,986.0,98.0,0.0,0.0,0.0,0.0,24.0,1242.0,126869.0,-14.0,-11.0,100.0,-42.0,-47.0,12.0
2020-08-13,75.0,989.0,127.0,0.0,0.0,0.0,0.0,23.0,1156.0,118484.0,-24.0,-10.0,89.0,-43.0,-48.0,13.0
2020-08-14,73.0,977.0,100.0,0.0,0.0,0.0,0.0,18.0,1185.0,135646.0,-26.0,-12.0,76.0,-39.0,-46.0,12.0
2020-08-15,76.0,956.0,99.0,0.0,0.0,0.0,0.0,23.0,714.0,130641.0,-33.0,-15.0,50.0,-33.0,-13.0,4.0
2020-08-16,78.0,961.0,80.0,0.0,0.0,0.0,0.0,15.0,602.0,126846.0,-29.0,-18.0,52.0,-32.0,-10.0,3.0
2020-08-17,73.0,960.0,91.0,0.0,0.0,0.0,0.0,21.0,1298.0,118255.0,-9.0,-14.0,80.0,-41.0,-48.0,11.0
2020-08-18,73.0,927.0,124.0,0.0,0.0,0.0,0.0,15.0,1116.0,118019.0,-11.0,-13.0,93.0,-41.0,-46.0,12.0
2020-08-19,70.0,896.0,110.0,0.0,0.0,0.0,0.0,13.0,1282.0,145251.0,-15.0,-17.0,39.0,-44.0,-46.0,13.0
2020-08-20,76.0,877.0,95.0,0.0,0.0,0.0,0.0,16.0,1498.0,147438.0,-19.0,-10.0,121.0,-40.0,-46.0,11.0
2020-08-21,72.0,852.0,107.0,0.0,0.0,0.0,0.0,10.0,1218.0,152567.0,-26.0,-13.0,56.0,-40.0,-45.0,12.0
2020-08-22,71.0,907.0,71.0,0.0,0.0,0.0,0.0,12.0,842.0,132754.0,-31.0,-15.0,53.0,-32.0,-11.0,4.0
2020-08-23,72.0,834.0,74.0,0.0,0.0,0.0,0.0,17.0,831.0,127055.0,-26.0,-17.0,64.0,-29.0,-7.0,2.0
2020-08-24,68.0,840.0,90.0,0.0,0.0,0.0,0.0,9.0,1300.0,159996.0,-3.0,-12.0,105.0,-38.0,-46.0,10.0
2020-08-25,68.0,809.0,119.0,0.0,0.0,0.0,0.0,22.0,1270.0,141065.0,-13.0,-16.0,31.0,-45.0,-47.0,13.0
2020-08-26,64.0,798.0,130.0,0.0,0.0,0.0,0.0,16.0,1388.0,147036.0,-3.0,-11.0,90.0,-38.0,-44.0,11.0
2020-08-27,71.0,805.0,148.0,0.0,0.0,0.0,0.0,12.0,1591.0,149933.0,-21.0,-12.0,55.0,-42.0,-45.0,12.0
2020-08-28,60.0,781.0,135.0,0.0,0.0,0.0,0.0,12.0,1632.0,138021.0,-20.0,-9.0,51.0,-37.0,-45.0,11.0
2020-08-29,66.0,794.0,108.0,0.0,0.0,0.0,0.0,8.0,1230.0,119280.0,-27.0,-13.0,49.0,-29.0,-12.0,3.0
2020-08-30,68.0,790.0,74.0,0.0,0.0,0.0,0.0,11.0,1171.0,125569.0,-15.0,-14.0,94.0,-23.0,-7.0,1.0
2020-08-31,71.0,810.0,87.0,0.0,0.0,0.0,0.0,18.0,1513.0,128295.0,3.0,-17.0,152.0,-43.0,-68.0,14.0
2020-09-01,82.0,814.0,132.0,0.0,0.0,0.0,0.0,11.0,2288.0,153863.0,-15.0,-6.0,94.0,-37.0,-44.0,10.0
2020-09-02,81.0,759.0,145.0,0.0,0.0,0.0,0.0,15.0,3077.0,162877.0,-20.0,-11.0,48.0,-41.0,-42.0,11.0
2020-09-03,76.0,773.0,143.0,0.0,0.0,0.0,0.0,9.0,3152.0,146343.0,-20.0,-10.0,58.0,-40.0,-42.0,11.0
2020-09-04,69.0,777.0,154.0,0.0,0.0,0.0,0.0,15.0,3092.0,162934.0,-21.0,-10.0,61.0,-35.0,-40.0,9.0
2020-09-05,67.0,770.0,129.0,0.0,0.0,0.0,0.0,14.0,2551.0,126029.0,-26.0,-12.0,56.0,-30.0,-10.0,3.0
2020-09-06,69.0,775.0,136.0,0.0,0.0,0.0,0.0,13.0,2465.0,142066.0,-21.0,-12.0,69.0,-27.0,-7.0,2.0
2020-09-07,77.0,861.0,144.0,0.0,0.0,0.0,0.0,24.0,3931.0,173787.0,-17.0,-10.0,58.0,-36.0,-43.0,9.0
2020-09-08,80.0,850.0,179.0,0.0,0.0,0.0,0.0,16.0,3370.0,176720.0,-19.0,-10.0,74.0,-35.0,-42.0,9.0
2020-09-09,80.0,880.0,201.0,0.0,0.0,0.0,0.0,14.0,3365.0,182199.0,-20.0,-11.0,67.0,-36.0,-39.0,9.0
2020-09-10,78.0,900.0,213.0,0.0,0.0,0.0,0.0,16.0,3628.0,193037.0,-20.0,-9.0,78.0,-36.0,-40.0,9.0
2020-09-11,143.0,721.0,225.0,0.0,0.0,0.0,0.0,19.0,3324.0,201367.0,-22.0,-9.0,62.0,-32.0,-38.0,8.0
2020-09-12,86.0,760.0,214.0,0.0,0.0,0.0,0.0,23.0,2670.0,172037.0,-27.0,-11.0,61.0,-28.0,-9.0,3.0
2020-09-13,92.0,788.0,224.0,0.0,0.0,0.0,0.0,20.0,2154.0,167188.0,-21.0,-12.0,94.0,-24.0,-7.0,1.0
2020-09-14,105.0,928.0,254.0,0.0,0.0,0.0,0.0,21.0,3428.0,206849.0,-17.0,-9.0,104.0,-32.0,-36.0,8.0
2020-09-15,115.0,1013.0,268.0,0.0,0.0,0.0,0.0,26.0,3551.0,208991.0,-19.0,-9.0,91.0,-34.0,-36.0,9.0
2020-09-16,124.0,1056.0,281.0,0.0,0.0,0.0,0.0,31.0,4399.0,210177.0,-21.0,-11.0,71.0,-35.0,-36.0,9.0
2020-09-17,127.0,1110.0,262.0,0.0,0.0,0.0,0.0,38.0,4675.0,190355.0,-20.0,-9.0,88.0,-35.0,-36.0,9.0
2020-09-18,138.0,1169.0,261.0,0.0,0.0,0.0,0.0,30.0,4973.0,213098.0,-22.0,-9.0,75.0,-32.0,-35.0,8.0
2020-09-19,144.0,1248.0,258.0,0.0,0.0,0.0,0.0,25.0,4889.0,194757.0,-27.0,-11.0,67.0,-29.0,-10.0,3.0
2020-09-20,165.0,1343.0,285.0,0.0,0.0,0.0,0.0,40.0,5340.0,176304.0,-22.0,-12.0,85.0,-26.0,-7.0,2.0
2020-09-21,181.0,1497.0,366.0,0.0,0.0,0.0,0.0,30.0,5627.0,194384.0,-17.0,-8.0,86.0,-34.0,-37.0,8.0
2020-09-22,211.0,1574.0,347.0,0.0,0.0,0.0,0.0,39.0,6441.0,202488.0,-22.0,-9.0,64.0,-36.0,-36.0,9.0
2020-09-23,228.0,1665.0,415.0,0.0,0.0,0.0,0.0,58.0,7096.0,205377.0,-27.0,-11.0,20.0,-40.0,-35.0,11.0
2020-09-24,243.0,1777.0,417.0,0.0,0.0,0.0,0.0,34.0,7682.0,207725.0,-26.0,-9.0,28.0,-41.0,-35.0,11.0
2020-09-25,262.0,1951.0,378.0,0.0,0.0,0.0,0.0,40.0,7318.0,220673.0,-25.0,-7.0,29.0,-37.0,-34.0,10.0
2020-09-26,261.0,1958.0,345.0,0.0,0.0,0.0,0.0,47.0,6810.0,184392.0,-28.0,-10.0,28.0,-34.0,-9.0,5.0
2020-09-27,276.0,2109.0,336.0,0.0,0.0,0.0,0.0,56.0,7023.0,184499.0,-25.0,-13.0,45.0,-32.0,-7.0,3.0
2020-09-28,297.0,2312.0,434.0,0.0,0.0,0.0,0.0,55.0,9983.0,205394.0,-19.0,-8.0,45.0,-38.0,-35.0,10.0
2020-09-29,314.0,2330.0,435.0,0.0,0.0,0.0,0.0,48.0,10366.0,199605.0,-22.0,-8.0,47.0,-38.0,-34.0,10.0
2020-09-30,333.0,2439.0,446.0,0.0,0.0,0.0,0.0,61.0,12717.0,206727.0,-26.0,-11.0,4.0,-40.0,-34.0,11.0
2020-10-01,341.0,2494.0,521.0,0.0,0.0,0.0,0.0,71.0,13357.0,206639.0,-23.0,-6.0,36.0,-39.0,-32.0,10.0
2020-10-02,369.0,2631.0,531.0,0.0,0.0,0.0,0.0,74.0,13854.0,211371.0,-30.0,-10.0,4.0,-37.0,-32.0,11.0
2020-10-03,369.0,2770.0,529.0,0.0,0.0,0.0,0.0,70.0,11667.0,205262.0,-34.0,-12.0,-20.0,-40.0,-12.0,7.0
2020-10-04,369.0,2952.0,629.0,0.0,0.0,0.0,0.0,63.0,11953.0,185310.0,-31.0,-15.0,-4.0,-38.0,-9.0,5.0
2020-10-05,393.0,3260.0,622.0,0.0,0.0,0.0,0.0,68.0,16753.0,231764.0,-24.0,-10.0,23.0,-37.0,-34.0,10.0
2020-10-06,410.0,3531.0,724.0,0.0,0.0,0.0,0.0,84.0,17250.0,212369.0,-26.0,-9.0,20.0,-38.0,-34.0,10.0
2020-10-07,442.0,3781.0,686.0,0.0,0.0,0.0,0.0,110.0,18573.0,221518.0,-24.0,-9.0,31.0,-38.0,-32.0,10.0
2020-10-08,436.0,3969.0,706.0,0.0,0.0,0.0,0.0,97.0,18425.0,218763.0,-27.0,-9.0,21.0,-41.0,-33.0,11.0
2020-10-09,440.0,4062.0,708.0,0.0,0.0,0.0,0.0,96.0,15893.0,241355.0,-28.0,-8.0,19.0,-37.0,-31.0,10.0
2020-10-10,469.0,4237.0,709.0,0.0,0.0,0.0,0.0,107.0,12648.0,202210.0,-31.0,-10.0,14.0,-37.0,-8.0,6.0
2020-10-11,477.0,4545.0,821.0,0.0,0.0,0.0,0.0,128.0,12202.0,202572.0,-27.0,-13.0,49.0,-33.0,-6.0,4.0
2020-10-12,507.0,4824.0,879.0,0.0,0.0,0.0,0.0,120.0,19671.0,232191.0,-27.0,-12.0,9.0,-40.0,-35.0,11.0
2020-10-13,516.0,5145.0,1011.0,0.0,0.0,0.0,0.0,119.0,19116.0,223743.0,-29.0,-11.0,14.0,-41.0,-35.0,11.0
2020-10-14,563.0,5438.0,971.0,0.0,0.0,0.0,0.0,122.0,19920.0,244787.0,-27.0,-9.0,23.0,-40.0,-33.0,11.0
2020-10-15,581.0,5775.0,1036.0,0.0,0.0,0.0,0.0,152.0,18606.0,254236.0,-27.0,-7.0,29.0,-40.0,-33.0,11.0
2020-10-16,592.0,6127.0,909.0,0.0,0.0,0.0,0.0,162.0,17915.0,284270.0,-27.0,-6.0,25.0,-37.0,-32.0,11.0
2020-10-17,614.0,6362.0,1015.0,0.0,0.0,0.0,0.0,186.0,14882.0,240276.0,-33.0,-9.0,18.0,-40.0,-10.0,7.0
2020-10-18,630.0,6638.0,1081.0,0.0,0.0,0.0,0.0,167.0,14311.0,245338.0,-30.0,-13.0,36.0,-38.0,-9.0,5.0
2020-10-19,658.0,7136.0,1089.0,0.0,0.0,0.0,0.0,193.0,25872.0,244540.0,-26.0,-10.0,27.0,-41.0,-35.0,11.0
2020-10-20,698.0,7656.0,1184.0,0.0,0.0,0.0,0.0,210.0,25613.0,247922.0,-28.0,-9.0,28.0,-41.0,-35.0,12.0
2020-10-21,712.0,7925.0,1248.0,0.0,0.0,0.0,0.0,232.0,25714.0,252485.0,-31.0,-11.0,-2.0,-44.0,-35.0,13.0
2020-10-22,708.0,8090.0,1267.0,0.0,0.0,0.0,0.0,242.0,23475.0,279994.0,-26.0,-6.0,34.0,-42.0,-34.0,12.0
2020-10-23,744.0,8653.0,1284.0,0.0,0.0,0.0,0.0,225.0,21694.0,276099.0,-28.0,-6.0,19.0,-41.0,-35.0,12.0
2020-10-24,788.0,9019.0,1250.0,0.0,0.0,0.0,0.0,219.0,16434.0,228765.0,-38.0,-12.0,-10.0,-44.0,-13.0,8.0
2020-10-25,828.0,9538.0,1413.0,0.0,0.0,0.0,0.0,255.0,15895.0,240550.0,-29.0,-10.0,32.0,-39.0,-10.0,5.0
2020-10-26,853.0,9865.0,1532.0,0.0,0.0,0.0,0.0,282.0,26807.0,225321.0,-21.0,-9.0,42.0,-44.0,-45.0,13.0
2020-10-27,903.0,10678.0,1476.0,0.0,0.0,0.0,0.0,285.0,24351.0,230436.0,-27.0,-10.0,10.0,-47.0,-45.0,14.0
2020-10-28,957.0,11184.0,1486.0,0.0,0.0,0.0,0.0,281.0,23901.0,249938.0,-23.0,-8.0,27.0,-45.0,-43.0,14.0
2020-10-29,974.0,11321.0,1565.0,0.0,0.0,0.0,0.0,320.0,23614.0,301887.0,-27.0,-9.0,4.0,-48.0,-44.0,15.0
2020-10-30,979.0,11525.0,1368.0,0.0,0.0,0.0,0.0,352.0,22890.0,282113.0,-26.0,-5.0,25.0,-43.0,-42.0,13.0
2020-10-31,1003.0,12031.0,1444.0,0.0,0.0,0.0,0.0,340.0,16673.0,251725.0,-38.0,-9.0,-15.0,-44.0,-13.0,8.0
2020-11-01,979.0,11947.0,1489.0,0.0,0.0,0.0,0.0,359.0,15970.0,236463.0,-29.0,-13.0,-4.0,-40.0,-10.0,5.0
2020-11-02,1075.0,12815.0,1555.0,0.0,0.0,0.0,0.0,338.0,31925.0,251337.0,-17.0,-7.0,8.0,-40.0,-34.0,11.0
2020-11-03,1144.0,13456.0,1505.0,0.0,0.0,0.0,0.0,377.0,25943.0,262885.0,-17.0,-6.0,6.0,-39.0,-33.0,11.0
2020-11-04,1193.0,13521.0,1661.0,0.0,0.0,0.0,0.0,340.0,24027.0,253542.0,-11.0,-4.0,19.0,-36.0,-31.0,10.0
2020-11-05,1183.0,13485.0,1563.0,0.0,0.0,0.0,0.0,387.0,24063.0,286664.0,-54.0,-14.0,8.0,-52.0,-38.0,16.0
2020-11-06,1187.0,13642.0,1391.0,0.0,0.0,0.0,0.0,417.0,23659.0,308615.0,-55.0,-12.0,5.0,-52.0,-38.0,17.0
2020-11-07,1207.0,13991.0,1536.0,0.0,0.0,0.0,0.0,417.0,18766.0,291139.0,-60.0,-16.0,13.0,-58.0,-28.0,13.0
2020-11-08,1232.0,14211.0,1672.0,0.0,0.0,0.0,0.0,432.0,20244.0,239592.0,-60.0,-20.0,5.0,-57.0,-28.0,10.0
2020-11-09,1271.0,14804.0,1750.0,0.0,0.0,0.0,0.0,491.0,31510.0,232211.0,-47.0,-15.0,5.0,-50.0,-39.0,15.0
2020-11-10,1219.0,14622.0,1843.0,0.0,0.0,0.0,0.0,410.0,27789.0,261961.0,-48.0,-13.0,14.0,-49.0,-39.0,15.0
2020-11-11,1268.0,15326.0,1956.0,0.0,0.0,0.0,0.0,409.0,27757.0,309652.0,-49.0,-14.0,-1.0,-51.0,-38.0,16.0
2020-11-12,1275.0,15538.0,1898.0,0.0,0.0,0.0,0.0,430.0,24826.0,312205.0,-48.0,-10.0,19.0,-50.0,-39.0,16.0
2020-11-13,1355.0,15903.0,1636.0,0.0,0.0,0.0,0.0,450.0,24388.0,328273.0,-49.0,-8.0,7.0,-50.0,-38.0,16.0
2020-11-14,1365.0,15976.0,1603.0,0.0,0.0,0.0,0.0,459.0,18223.0,287700.0,-59.0,-16.0,-29.0,-59.0,-28.0,13.0
2020-11-15,1397.0,16535.0,1656.0,0.0,0.0,0.0,0.0,456.0,16233.0,235527.0,-57.0,-19.0,-5.0,-57.0,-28.0,10.0
2020-11-16,1391.0,16975.0,1753.0,0.0,0.0,0.0,0.0,431.0,26952.0,222031.0,-46.0,-14.0,2.0,-50.0,-39.0,15.0
2020-11-17,1420.0,17109.0,1701.0,0.0,0.0,0.0,0.0,466.0,23488.0,253550.0,-48.0,-12.0,6.0,-50.0,-39.0,15.0
2020-11-18,1430.0,17155.0,1771.0,0.0,0.0,0.0,0.0,514.0,21076.0,278885.0,-49.0,-13.0,-7.0,-51.0,-38.0,16.0
2020-11-19,1426.0,17127.0,1668.0,0.0,0.0,0.0,0.0,485.0,18041.0,307860.0,-48.0,-10.0,6.0,-51.0,-39.0,16.0
2020-11-20,1422.0,16857.0,1528.0,0.0,0.0,0.0,0.0,485.0,17100.0,338665.0,-50.0,-8.0,-17.0,-51.0,-38.0,17.0
2020-11-21,1447.0,16726.0,1444.0,0.0,0.0,0.0,0.0,498.0,12533.0,291491.0,-56.0,-12.0,-8.0,-56.0,-26.0,12.0
2020-11-22,1454.0,16921.0,1478.0,0.0,0.0,0.0,0.0,512.0,11895.0,209362.0,-53.0,-15.0,25.0,-53.0,-26.0,9.0
2020-11-23,1487.0,17333.0,1576.0,0.0,0.0,0.0,0.0,507.0,19024.0,208505.0,-44.0,-12.0,4.0,-50.0,-39.0,15.0
2020-11-24,1489.0,17063.0,1472.0,0.0,0.0,0.0,0.0,496.0,16679.0,250746.0,-47.0,-10.0,3.0,-50.0,-38.0,15.0
2020-11-25,1480.0,16767.0,1590.0,0.0,0.0,0.0,0.0,499.0,16814.0,291484.0,-47.0,-12.0,-5.0,-51.0,-37.0,16.0
2020-11-26,1456.0,16401.0,1408.0,0.0,0.0,0.0,0.0,461.0,14761.0,306143.0,-46.0,-9.0,10.0,-51.0,-37.0,15.0
2020-11-27,1417.0,16208.0,1254.0,0.0,0.0,0.0,0.0,459.0,14554.0,287058.0,-47.0,-7.0,-2.0,-50.0,-38.0,16.0
2020-11-28,1378.0,15614.0,1202.0,0.0,0.0,0.0,0.0,484.0,11086.0,247403.0,-55.0,-12.0,-11.0,-55.0,-24.0,12.0
2020-11-29,1387.0,15932.0,1375.0,0.0,0.0,0.0,0.0,501.0,10852.0,196973.0,-53.0,-15.0,5.0,-54.0,-24.0,9.0
2020-11-30,1357.0,16175.0,1383.0,0.0,0.0,0.0,0.0,465.0,18198.0,216935.0,-41.0,-9.0,-9.0,-49.0,-37.0,14.0
2020-12-01,1351.0,15920.0,1471.0,0.0,0.0,0.0,0.0,422.0,16684.0,267803.0,-43.0,-7.0,7.0,-48.0,-36.0,14.0
2020-12-02,1315.0,15581.0,1464.0,0.0,0.0,0.0,0.0,414.0,16676.0,284459.0,-31.0,-6.0,-7.0,-45.0,-32.0,13.0
2020-12-03,1261.0,15264.0,1482.0,0.0,0.0,0.0,0.0,503.0,15860.0,317889.0,-34.0,-8.0,-20.0,-46.0,-33.0,14.0
2020-12-04,1274.0,15330.0,1413.0,0.0,0.0,0.0,0.0,498.0,15834.0,315402.0,-35.0,-5.0,-18.0,-44.0,-33.0,14.0
2020-12-05,1247.0,15289.0,1364.0,0.0,0.0,0.0,0.0,407.0,12893.0,287581.0,-36.0,-6.0,-8.0,-41.0,-13.0,8.0
2020-12-06,1249.0,15557.0,1462.0,0.0,0.0,0.0,0.0,436.0,13731.0,226573.0,-36.0,-10.0,1.0,-41.0,-13.0,7.0
2020-12-07,1271.0,16024.0,1646.0,0.0,0.0,0.0,0.0,466.0,21584.0,216720.0,-26.0,-5.0,-4.0,-43.0,-34.0,12.0
2020-12-08,1272.0,16079.0,1759.0,153.0,7028.0,153.0,0.0,472.0,21065.0,261616.0,-31.0,-5.0,-7.0,-44.0,-33.0,12.0
2020-12-09,1243.0,15942.0,1737.0,145.0,13168.0,145.0,2.0,448.0,21909.0,296064.0,-31.0,-5.0,-5.0,-44.0,-32.0,13.0
2020-12-10,1267.0,16330.0,1737.0,119.0,16353.0,119.0,1.0,496.0,22916.0,332417.0,-32.0,-3.0,-1.0,-44.0,-33.0,13.0
2020-12-11,1275.0,16507.0,1681.0,83.0,17314.0,83.0,1.0,491.0,24390.0,336389.0,-33.0,-2.0,-5.0,-41.0,-32.0,13.0
2020-12-12,1243.0,16524.0,1776.0,25.0,12376.0,25.0,3.0,488.0,19588.0,286739.0,-37.0,-5.0,-5.0,-39.0,-12.0,8.0
2020-12-13,1281.0,17149.0,1745.0,31.0,7070.0,31.0,0.0,480.0,22266.0,251690.0,-41.0,-13.0,-31.0,-45.0,-14.0,8.0
2020-12-14,1288.0,17850.0,1934.0,153.0,17235.0,153.0,3.0,506.0,35197.0,275881.0,-25.0,-2.0,2.0,-42.0,-35.0,12.0
2020-12-15,1326.0,17804.0,1925.0,117.0,59574.0,117.0,3.0,506.0,34378.0,258017.0,-25.0,0.0,10.0,-41.0,-34.0,12.0
2020-12-16,1340.0,18254.0,2062.0,155.0,91253.0,155.0,1.0,484.0,35427.0,305372.0,-33.0,-3.0,-14.0,-46.0,-34.0,14.0
2020-12-17,1366.0,18563.0,2119.0,173.0,91358.0,173.0,4.0,567.0,34437.0,323928.0,-29.0,2.0,12.0,-44.0,-35.0,13.0
2020-12-18,1364.0,18718.0,1905.0,155.0,76672.0,155.0,1.0,586.0,36419.0,353874.0,-33.0,-1.0,-14.0,-45.0,-37.0,15.0
2020-12-19,1412.0,19062.0,2030.0,17.0,82669.0,17.0,4.0,548.0,25589.0,382039.0,-40.0,-3.0,-10.0,-41.0,-13.0,8.0
2020-12-20,1442.0,19595.0,2151.0,18.0,73298.0,18.0,2.0,550.0,33066.0,356395.0,-43.0,-7.0,5.0,-45.0,-13.0,7.0
2020-12-21,1512.0,20722.0,2343.0,79.0,67780.0,79.0,5.0,601.0,48192.0,404203.0,-26.0,12.0,-8.0,-52.0,-49.0,16.0
2020-12-22,1529.0,21085.0,2457.0,63.0,88267.0,63.0,6.0,628.0,46475.0,423599.0,-26.0,17.0,14.0,-52.0,-50.0,16.0
2020-12-23,1554.0,20821.0,2253.0,33.0,82062.0,33.0,5.0,629.0,42936.0,440301.0,-27.0,23.0,-12.0,-54.0,-53.0,18.0
2020-12-24,1607.0,21171.0,2061.0,4.0,27806.0,4.0,2.0,616.0,32392.0,409930.0,-35.0,14.0,19.0,-59.0,-65.0,21.0
2020-12-25,1616.0,20511.0,2164.0,3.0,276.0,3.0,1.0,655.0,14419.0,284300.0,-92.0,-89.0,-25.0,-85.0,-85.0,27.0
2020-12-26,1682.0,21306.0,2505.0,6.0,1802.0,6.0,0.0,691.0,41110.0,249410.0,-81.0,-63.0,-34.0,-76.0,-54.0,15.0
2020-12-27,1751.0,22313.0,2834.0,1.0,5322.0,1.0,0.0,717.0,48520.0,321721.0,-58.0,-24.0,3.0,-59.0,-29.0,10.0
2020-12-28,1847.0,23598.0,3116.0,9.0,10476.0,9.0,2.0,722.0,46408.0,321486.0,-51.0,-24.0,16.0,-70.0,-77.0,26.0
2020-12-29,1939.0,25088.0,3226.0,2189.0,49654.0,2189.0,3.0,712.0,83090.0,341788.0,-47.0,-11.0,14.0,-64.0,-68.0,24.0
2020-12-30,2066.0,26069.0,3253.0,4154.0,102549.0,4154.0,2.0,760.0,72161.0,365543.0,-42.0,-3.0,18.0,-63.0,-66.0,23.0
2020-12-31,2122.0,26091.0,2885.0,4590.0,83827.0,4590.0,7.0,822.0,53947.0,448324.0,-53.0,2.0,14.0,-67.0,-69.0,24.0
2021-01-01,2162.0,25881.0,3329.0,1067.0,22788.0,1067.0,1.0,807.0,32482.0,364348.0,-83.0,-64.0,-5.0,-82.0,-83.0,32.0
2021-01-02,2256.0,27039.0,3416.0,4525.0,28182.0,4525.0,4.0,832.0,61654.0,398354.0,-68.0,-24.0,-12.0,-66.0,-39.0,16.0
2021-01-03,2420.0,28500.0,3623.0,3650.0,16245.0,3650.0,2.0,806.0,56335.0,395495.0,-64.0,-24.0,-8.0,-62.0,-29.0,11.0
2021-01-04,2560.0,30238.0,3911.0,9048.0,28748.0,9048.0,4.0,896.0,77972.0,465312.0,-53.0,-17.0,-16.0,-62.0,-49.0,19.0
2021-01-05,2645.0,30158.0,4098.0,42103.0,64363.0,42103.0,5.0,973.0,66638.0,448629.0,-61.0,-21.0,-18.0,-63.0,-50.0,20.0
2021-01-06,2821.0,31420.0,4374.0,70930.0,94203.0,70930.0,8.0,1013.0,58784.0,521590.0,-62.0,-22.0,-13.0,-63.0,-49.0,21.0
2021-01-07,2929.0,32059.0,4266.0,69203.0,193964.0,69203.0,7.0,1053.0,53187.0,559849.0,-62.0,-22.0,-9.0,-64.0,-50.0,21.0
2021-01-08,3098.0,33258.0,3970.0,53321.0,234450.0,53321.0,7.0,1052.0,48105.0,620258.0,-64.0,-23.0,-21.0,-64.0,-49.0,22.0
2021-01-09,3145.0,33506.0,4098.0,55865.0,196775.0,55865.0,10.0,1091.0,40035.0,503848.0,-68.0,-22.0,-14.0,-65.0,-33.0,15.0
2021-01-10,3264.0,34855.0,3905.0,39926.0,103127.0,39926.0,3.0,1172.0,37174.0,424602.0,-68.0,-27.0,-13.0,-65.0,-31.0,12.0
2021-01-11,3363.0,36217.0,4282.0,15010.0,115803.0,15010.0,5.0,1244.0,58592.0,556025.0,-59.0,-25.0,-16.0,-63.0,-50.0,20.0
2021-01-12,3496.0,36445.0,4548.0,9955.0,175384.0,9955.0,6.0,1318.0,50647.0,529891.0,-61.0,-24.0,-7.0,-63.0,-51.0,20.0
2021-01-13,3626.0,36964.0,4205.0,6292.0,245879.0,6292.0,7.0,1306.0,46509.0,562468.0,-64.0,-27.0,-30.0,-65.0,-50.0,21.0
2021-01-14,3672.0,37161.0,4050.0,3804.0,276703.0,3804.0,5.0,1341.0,43472.0,614550.0,-66.0,-29.0,-28.0,-66.0,-53.0,22.0
2021-01-15,3789.0,37611.0,3648.0,2450.0,316075.0,2450.0,4.0,1322.0,41452.0,555496.0,-64.0,-23.0,-15.0,-64.0,-51.0,21.0
2021-01-16,3854.0,37180.0,3902.0,1405.0,280022.0,1405.0,4.0,1415.0,31250.0,424995.0,-70.0,-26.0,-31.0,-67.0,-35.0,15.0
2021-01-17,3871.0,37638.0,3725.0,862.0,141520.0,862.0,1.0,1360.0,29592.0,386555.0,-67.0,-27.0,8.0,-63.0,-31.0,11.0
2021-01-18,3916.0,38745.0,4039.0,1245.0,156625.0,1245.0,1.0,1398.0,45957.0,570098.0,-60.0,-25.0,-10.0,-63.0,-51.0,19.0
2021-01-19,3947.0,38357.0,4137.0,1613.0,295461.0,1613.0,4.0,1487.0,40525.0,540789.0,-63.0,-27.0,-23.0,-64.0,-52.0,20.0
2021-01-20,3953.0,38262.0,4023.0,1992.0,317969.0,1992.0,2.0,1382.0,35986.0,585295.0,-65.0,-28.0,-35.0,-66.0,-51.0,21.0
2021-01-21,3960.0,37577.0,3594.0,1775.0,353105.0,1775.0,8.0,1347.0,32502.0,611577.0,-62.0,-23.0,-6.0,-64.0,-51.0,20.0
2021-01-22,4076.0,37771.0,3358.0,1227.0,454018.0,1227.0,8.0,1334.0,30330.0,592011.0,-62.0,-20.0,-3.0,-63.0,-49.0,21.0
2021-01-23,4066.0,36911.0,3095.0,879.0,454301.0,879.0,1.0,1287.0,22344.0,413223.0,-67.0,-22.0,-12.0,-64.0,-33.0,14.0
2021-01-24,4077.0,37234.0,3089.0,716.0,186643.0,716.0,1.0,1239.0,17554.0,380575.0,-71.0,-31.0,-4.0,-66.0,-34.0,12.0
2021-01-25,4032.0,37271.0,2905.0,1166.0,198424.0,1166.0,3.0,1262.0,30737.0,564757.0,-59.0,-23.0,-1.0,-62.0,-52.0,19.0
2021-01-26,3961.0,36633.0,3124.0,1201.0,235903.0,1201.0,7.0,1172.0,27730.0,560708.0,-62.0,-25.0,-27.0,-64.0,-51.0,20.0
2021-01-27,3937.0,35075.0,3046.0,906.0,248270.0,906.0,5.0,1232.0,26303.0,725814.0,-60.0,-21.0,-13.0,-63.0,-50.0,20.0
2021-01-28,3918.0,34481.0,3019.0,1515.0,340583.0,1515.0,5.0,1224.0,24773.0,722717.0,-61.0,-21.0,-12.0,-63.0,-50.0,20.0
2021-01-29,3832.0,33440.0,2671.0,2885.0,472946.0,2885.0,8.0,1156.0,22434.0,620236.0,-60.0,-16.0,-11.0,-61.0,-49.0,20.0
2021-01-30,3806.0,32611.0,2444.0,2580.0,462945.0,2580.0,13.0,1025.0,17167.0,391053.0,-67.0,-22.0,-37.0,-67.0,-33.0,15.0
2021-01-31,3687.0,32178.0,2388.0,2464.0,273294.0,2464.0,3.0,994.0,15783.0,553542.0,-65.0,-24.0,-3.0,-63.0,-30.0,11.0
2021-02-01,3726.0,32572.0,2585.0,2066.0,278930.0,2066.0,3.0,1003.0,22972.0,676022.0,-56.0,-21.0,0.0,-60.0,-49.0,18.0
2021-02-02,3635.0,31400.0,2468.0,1827.0,317147.0,1827.0,9.0,962.0,20265.0,591153.0,-61.0,-24.0,-13.0,-62.0,-51.0,20.0
2021-02-03,3628.0,30251.0,2342.0,2741.0,387166.0,2741.0,3.0,976.0,19914.0,775518.0,-60.0,-21.0,-13.0,-63.0,-49.0,20.0
2021-02-04,3572.0,29078.0,2127.0,3540.0,418395.0,3540.0,5.0,826.0,18493.0,751044.0,-60.0,-20.0,-12.0,-64.0,-49.0,20.0
2021-02-05,3505.0,28063.0,1984.0,2823.0,428198.0,2823.0,4.0,869.0,16307.0,639898.0,-59.0,-14.0,-1.0,-61.0,-48.0,20.0
2021-02-06,3373.0,26600.0,1879.0,954.0,504770.0,954.0,3.0,787.0,12320.0,416944.0,-65.0,-19.0,-21.0,-64.0,-31.0,14.0
2021-02-07,3302.0,26486.0,1843.0,569.0,240269.0,569.0,2.0,752.0,11664.0,579662.0,-68.0,-27.0,-23.0,-67.0,-32.0,11.0
2021-02-08,3230.0,26452.0,1908.0,2476.0,278939.0,2476.0,9.0,779.0,16194.0,665071.0,-60.0,-24.0,-13.0,-63.0,-52.0,19.0
2021-02-09,3164.0,25404.0,1727.0,3321.0,347673.0,3321.0,7.0,721.0,14225.0,567285.0,-61.0,-21.0,-12.0,-63.0,-52.0,20.0
2021-02-10,3132.0,24152.0,1718.0,4806.0,381105.0,4806.0,5.0,711.0,13899.0,753857.0,-59.0,-17.0,-8.0,-62.0,-50.0,20.0
2021-02-11,3036.0,23160.0,1663.0,4902.0,435927.0,4902.0,11.0,675.0,13139.0,716193.0,-58.0,-15.0,-8.0,-63.0,-49.0,20.0
2021-02-12,2943.0,22093.0,1504.0,4725.0,472337.0,4725.0,7.0,635.0,12573.0,602792.0,-58.0,-10.0,-14.0,-62.0,-48.0,20.0
2021-02-13,2842.0,20741.0,1423.0,2682.0,477526.0,2682.0,10.0,586.0,9035.0,367335.0,-63.0,-11.0,-28.0,-65.0,-31.0,14.0
2021-02-14,2851.0,20820.0,1530.0,1038.0,208806.0,1038.0,2.0,602.0,8995.0,395298.0,-65.0,-21.0,-28.0,-65.0,-30.0,11.0
2021-02-15,2805.0,20765.0,1494.0,4229.0,224005.0,4229.0,5.0,614.0,14735.0,476074.0,-52.0,-16.0,18.0,-60.0,-53.0,18.0
2021-02-16,2708.0,20000.0,1487.0,6546.0,332204.0,6546.0,5.0,568.0,12939.0,477303.0,-55.0,-13.0,5.0,-61.0,-52.0,19.0
2021-02-17,2614.0,19238.0,1403.0,8281.0,443134.0,8281.0,8.0,504.0,11942.0,536624.0,-55.0,-16.0,1.0,-61.0,-51.0,20.0
2021-02-18,2535.0,18321.0,1328.0,9459.0,417893.0,9459.0,14.0,521.0,11793.0,532978.0,-55.0,-13.0,13.0,-61.0,-52.0,20.0
2021-02-19,2469.0,17673.0,1272.0,8780.0,337904.0,8780.0,5.0,469.0,10728.0,491371.0,-57.0,-12.0,-7.0,-61.0,-51.0,20.0
2021-02-20,2358.0,16856.0,1082.0,4731.0,324555.0,4731.0,4.0,452.0,8313.0,368184.0,-62.0,-14.0,-4.0,-61.0,-28.0,13.0
2021-02-21,2329.0,16676.0,1152.0,4117.0,122902.0,4117.0,1.0,411.0,8098.0,579582.0,-60.0,-18.0,27.0,-57.0,-26.0,10.0
2021-02-22,2273.0,16687.0,1114.0,11316.0,161742.0,11316.0,3.0,378.0,11657.0,703463.0,-52.0,-16.0,13.0,-59.0,-47.0,17.0
2021-02-23,2143.0,15930.0,1114.0,16753.0,301390.0,16753.0,8.0,379.0,9763.0,577747.0,-55.0,-15.0,7.0,-59.0,-47.0,18.0
2021-02-24,2118.0,15378.0,1015.0,21617.0,424006.0,21617.0,10.0,366.0,8847.0,722450.0,-54.0,-13.0,6.0,-59.0,-46.0,19.0
2021-02-25,2047.0,14695.0,965.0,23675.0,461038.0,23675.0,10.0,355.0,8024.0,711859.0,-53.0,-10.0,22.0,-59.0,-46.0,18.0
2021-02-26,1971.0,13931.0,855.0,23377.0,470545.0,23377.0,12.0,303.0,6782.0,584777.0,-51.0,-5.0,38.0,-56.0,-45.0,18.0
2021-02-27,1903.0,13120.0,737.0,19222.0,397004.0,19222.0,3.0,308.0,4949.0,344227.0,-56.0,-9.0,38.0,-56.0,-25.0,11.0
2021-02-28,1783.0,12645.0,773.0,11395.0,173763.0,11395.0,3.0,280.0,4873.0,533283.0,-55.0,-12.0,48.0,-55.0,-23.0,9.0
2021-03-01,1806.0,12743.0,810.0,17159.0,181264.0,27396.0,11.0,296.0,7192.0,771720.0,-49.0,-12.0,20.0,-57.0,-46.0,17.0
2021-03-02,1709.0,12003.0,833.0,35028.0,217977.0,50647.0,15.0,243.0,6918.0,682638.0,-52.0,-12.0,16.0,-58.0,-46.0,17.0
2021-03-03,1647.0,11403.0,712.0,50229.0,275419.0,67703.0,9.0,218.0,6172.0,851407.0,-54.0,-13.0,-7.0,-59.0,-46.0,18.0
2021-03-04,1589.0,10819.0,701.0,49086.0,373580.0,66560.0,13.0,234.0,5937.0,998869.0,-54.0,-10.0,-1.0,-59.0,-46.0,18.0
2021-03-05,1542.0,10206.0,593.0,39645.0,435679.0,53416.0,13.0,222.0,5467.0,982041.0,-53.0,-6.0,8.0,-57.0,-44.0,18.0
2021-03-06,1449.0,9607.0,633.0,23303.0,425087.0,31322.0,7.0,209.0,4628.0,420309.0,-57.0,-9.0,10.0,-58.0,-24.0,12.0
2021-03-07,1394.0,9355.0,531.0,9703.0,159215.0,17988.0,1.0,197.0,4410.0,827066.0,-56.0,-12.0,30.0,-56.0,-22.0,9.0
2021-03-08,1356.0,9364.0,565.0,26808.0,194434.0,37166.0,9.0,197.0,6890.0,1643399.0,-47.0,-8.0,16.0,-54.0,-44.0,15.0
2021-03-09,1292.0,8899.0,572.0,54801.0,210649.0,72303.0,12.0,184.0,6488.0,1464761.0,-49.0,-8.0,31.0,-52.0,-43.0,15.0
2021-03-10,1236.0,8342.0,567.0,74175.0,242721.0,92877.0,22.0,161.0,6250.0,1611723.0,-55.0,-12.0,-26.0,-57.0,-42.0,17.0
2021-03-11,1192.0,7969.0,542.0,57657.0,188355.0,74043.0,30.0,173.0,5933.0,1681787.0,-53.0,-6.0,-4.0,-55.0,-42.0,17.0
2021-03-12,1110.0,7632.0,472.0,69343.0,371643.0,83767.0,26.0,135.0,5717.0,1469208.0,-52.0,-1.0,-1.0,-53.0,-40.0,16.0
2021-03-13,1087.0,7290.0,459.0,41158.0,531979.0,51046.0,11.0,135.0,4381.0,415157.0,-56.0,2.0,-11.0,-58.0,-23.0,12.0
2021-03-14,1049.0,7224.0,428.0,15106.0,256285.0,24218.0,14.0,138.0,4425.0,1003903.0,-58.0,-10.0,4.0,-54.0,-14.0,8.0
2021-03-15,1016.0,7115.0,501.0,37328.0,372933.0,51807.0,9.0,139.0,6703.0,1696806.0,-47.0,-9.0,23.0,-51.0,-41.0,14.0
2021-03-16,968.0,6754.0,436.0,74182.0,439153.0,96512.0,12.0,114.0,5863.0,1383224.0,-49.0,-8.0,23.0,-51.0,-41.0,15.0
2021-03-17,925.0,6487.0,438.0,97786.0,459476.0,117275.0,30.0,127.0,5978.0,1707860.0,-49.0,-7.0,26.0,-51.0,-40.0,15.0
2021-03-18,879.0,6051.0,446.0,109011.0,534605.0,129665.0,46.0,100.0,5632.0,1487455.0,-51.0,-5.0,18.0,-52.0,-40.0,16.0
2021-03-19,830.0,5781.0,370.0,101122.0,621468.0,118574.0,46.0,104.0,5180.0,954249.0,-51.0,-2.0,25.0,-50.0,-39.0,16.0
2021-03-20,787.0,5468.0,360.0,79620.0,773888.0,93772.0,17.0,101.0,4247.0,458408.0,-57.0,-7.0,16.0,-55.0,-22.0,11.0
2021-03-21,768.0,5355.0,360.0,31037.0,342608.0,40830.0,43.0,127.0,5390.0,1983784.0,-55.0,-11.0,42.0,-53.0,-19.0,8.0
2021-03-22,748.0,5349.0,362.0,71264.0,318306.0,85139.0,43.0,107.0,6459.0,1278383.0,-45.0,-6.0,42.0,-49.0,-40.0,14.0
2021-03-23,711.0,5068.0,366.0,144796.0,319599.0,168808.0,31.0,95.0,5484.0,865660.0,-48.0,-6.0,28.0,-50.0,-40.0,14.0
2021-03-24,682.0,4797.0,346.0,213981.0,335704.0,237798.0,40.0,70.0,6224.0,1903452.0,-48.0,-5.0,28.0,-51.0,-39.0,15.0
2021-03-25,630.0,4510.0,340.0,224749.0,349577.0,246266.0,50.0,79.0,5616.0,1274208.0,-49.0,-3.0,26.0,-51.0,-40.0,15.0
2021-03-26,615.0,4414.0,291.0,224765.0,384265.0,243919.0,39.0,75.0,4567.0,731127.0,-51.0,-1.0,-1.0,-51.0,-39.0,16.0
2021-03-27,594.0,4365.0,271.0,244917.0,473597.0,262425.0,32.0,65.0,3731.0,460852.0,-55.0,-5.0,19.0,-54.0,-21.0,11.0
2021-03-28,582.0,4112.0,270.0,93928.0,249929.0,99694.0,9.0,50.0,5030.0,2337508.0,-58.0,-14.0,-1.0,-57.0,-22.0,9.0
2021-03-29,583.0,4133.0,249.0,140235.0,220376.0,153952.0,32.0,71.0,4196.0,549301.0,-41.0,-2.0,71.0,-48.0,-42.0,13.0
2021-03-30,568.0,3919.0,256.0,245049.0,216924.0,266851.0,52.0,56.0,3779.0,578525.0,-42.0,1.0,110.0,-46.0,-42.0,13.0
2021-03-31,547.0,3682.0,266.0,347798.0,232653.0,369674.0,55.0,73.0,3966.0,1342050.0,-42.0,4.0,69.0,-47.0,-41.0,14.0
2021-04-01,517.0,3497.0,230.0,407538.0,166082.0,426703.0,61.0,63.0,3674.0,1008030.0,-39.0,15.0,53.0,-47.0,-42.0,13.0
2021-04-02,485.0,3319.0,234.0,218007.0,104605.0,228175.0,20.0,50.0,2747.0,584286.0,-49.0,0.0,77.0,-58.0,-68.0,21.0
2021-04-03,478.0,3194.0,222.0,158248.0,105451.0,163259.0,18.0,42.0,2508.0,417205.0,-55.0,2.0,35.0,-52.0,-27.0,9.0
2021-04-04,469.0,3178.0,195.0,39717.0,47056.0,42679.0,3.0,53.0,2412.0,924716.0,-69.0,-40.0,72.0,-49.0,-23.0,6.0
2021-04-05,461.0,3207.0,237.0,53763.0,38441.0,56959.0,4.0,45.0,2744.0,829592.0,-47.0,-13.0,65.0,-65.0,-75.0,23.0
2021-04-06,453.0,3096.0,222.0,165821.0,80683.0,173651.0,39.0,45.0,3313.0,696997.0,-45.0,-3.0,34.0,-53.0,-50.0,16.0
2021-04-07,440.0,2970.0,234.0,378630.0,95005.0,393677.0,61.0,46.0,3253.0,1119833.0,-46.0,-5.0,35.0,-53.0,-48.0,16.0
2021-04-08,421.0,2820.0,204.0,402779.0,91944.0,427283.0,74.0,61.0,3147.0,965921.0,-46.0,-3.0,46.0,-53.0,-47.0,16.0
2021-04-09,405.0,2750.0,206.0,402760.0,105596.0,423927.0,51.0,38.0,2953.0,700425.0,-48.0,-3.0,44.0,-51.0,-46.0,16.0
2021-04-10,385.0,2612.0,185.0,453236.0,112895.0,478585.0,52.0,43.0,2380.0,487460.0,-57.0,-7.0,11.0,-53.0,-21.0,10.0
2021-04-11,385.0,2512.0,206.0,158057.0,66246.0,165656.0,21.0,41.0,2376.0,1339389.0,-52.0,-9.0,45.0,-48.0,-17.0,7.0
2021-04-12,377.0,2458.0,203.0,177883.0,57798.0,196273.0,45.0,38.0,2881.0,986296.0,-19.0,0.0,59.0,-40.0,-42.0,11.0
2021-04-13,370.0,2375.0,180.0,244643.0,72277.0,272165.0,51.0,47.0,2495.0,727311.0,-26.0,1.0,63.0,-42.0,-43.0,12.0
2021-04-14,351.0,2265.0,194.0,304775.0,117349.0,334122.0,48.0,35.0,2512.0,1262332.0,-26.0,1.0,63.0,-42.0,-42.0,12.0
2021-04-15,329.0,2165.0,160.0,369408.0,128485.0,402363.0,49.0,43.0,2345.0,1054894.0,-27.0,3.0,68.0,-42.0,-41.0,12.0
2021-04-16,332.0,2109.0,158.0,444850.0,135308.0,472904.0,54.0,32.0,2347.0,719720.0,-30.0,3.0,68.0,-39.0,-40.0,11.0
2021-04-17,323.0,2003.0,158.0,481527.0,143563.0,503022.0,60.0,42.0,1722.0,515699.0,-37.0,-1.0,64.0,-34.0,-16.0,5.0
2021-04-18,311.0,1948.0,139.0,195380.0,83850.0,201804.0,21.0,31.0,2584.0,1844921.0,-33.0,-2.0,70.0,-33.0,-13.0,4.0
2021-04-19,318.0,1976.0,175.0,233264.0,96255.0,250498.0,42.0,22.0,2738.0,1151177.0,-25.0,2.0,72.0,-38.0,-34.0,10.0
2021-04-20,300.0,1895.0,132.0,306578.0,104949.0,336332.0,40.0,35.0,2541.0,768071.0,-29.0,2.0,60.0,-38.0,-34.0,10.0
2021-04-21,276.0,1861.0,170.0,373833.0,118115.0,403995.0,65.0,36.0,2708.0,1487176.0,-29.0,1.0,45.0,-41.0,-33.0,11.0
2021-04-22,261.0,1759.0,121.0,381445.0,127903.0,417658.0,61.0,33.0,2409.0,1159508.0,-28.0,3.0,71.0,-40.0,-32.0,10.0
2021-04-23,243.0,1719.0,152.0,416217.0,136937.0,443934.0,71.0,29.0,2020.0,739858.0,-29.0,5.0,69.0,-37.0,-31.0,9.0
2021-04-24,240.0,1647.0,130.0,522676.0,147764.0,549327.0,59.0,24.0,1564.0,510935.0,-34.0,2.0,66.0,-35.0,-14.0,5.0
2021-04-25,231.0,1596.0,137.0,243194.0,79356.0,249165.0,25.0,27.0,2119.0,1613488.0,-31.0,-2.0,68.0,-37.0,-12.0,4.0
2021-04-26,227.0,1617.0,134.0,263430.0,84843.0,281435.0,50.0,21.0,2626.0,1145519.0,-24.0,1.0,55.0,-39.0,-33.0,10.0
2021-04-27,214.0,1537.0,163.0,337009.0,114681.0,362919.0,59.0,25.0,2178.0,772355.0,-30.0,0.0,41.0,-40.0,-33.0,11.0
2021-04-28,208.0,1483.0,113.0,417305.0,132458.0,448901.0,67.0,21.0,2499.0,1462566.0,-30.0,1.0,21.0,-42.0,-33.0,11.0
2021-04-29,196.0,1439.0,102.0,425415.0,140740.0,453293.0,75.0,17.0,2230.0,1110944.0,-28.0,4.0,41.0,-40.0,-32.0,11.0
2021-04-30,185.0,1342.0,113.0,384857.0,146888.0,410161.0,67.0,16.0,1825.0,677646.0,-26.0,8.0,46.0,-36.0,-31.0,9.0
2021-05-01,188.0,1261.0,99.0,357037.0,143571.0,367282.0,45.0,16.0,1433.0,494980.0,-31.0,3.0,44.0,-35.0,-15.0,5.0
2021-05-02,196.0,1261.0,121.0,157035.0,89493.0,163452.0,19.0,19.0,1521.0,950373.0,-26.0,-2.0,71.0,-34.0,-14.0,3.0
2021-05-03,187.0,1278.0,122.0,113660.0,72569.0,119469.0,22.0,17.0,2084.0,1214404.0,-29.0,-11.0,30.0,-58.0,-73.0,21.0
2021-05-04,181.0,1273.0,102.0,228791.0,125291.0,249717.0,30.0,15.0,2553.0,941916.0,-31.0,3.0,19.0,-41.0,-34.0,11.0
2021-05-05,182.0,1219.0,118.0,371525.0,139092.0,402503.0,65.0,22.0,2569.0,1307913.0,-29.0,2.0,30.0,-40.0,-32.0,11.0
2021-05-06,163.0,1142.0,122.0,440196.0,135233.0,471418.0,80.0,17.0,2326.0,1087268.0,-27.0,6.0,45.0,-39.0,-32.0,10.0
2021-05-07,159.0,1141.0,102.0,428724.0,142461.0,455492.0,64.0,18.0,1982.0,723747.0,-28.0,4.0,52.0,-37.0,-29.0,9.0
2021-05-08,151.0,1119.0,109.0,421147.0,173896.0,440622.0,60.0,20.0,1609.0,493077.0,-42.0,-3.0,-18.0,-46.0,-16.0,9.0
2021-05-09,144.0,1097.0,100.0,169118.0,102080.0,178354.0,26.0,11.0,2307.0,1459938.0,-30.0,-3.0,57.0,-36.0,-11.0,4.0
2021-05-10,149.0,1110.0,107.0,196937.0,109450.0,209675.0,46.0,8.0,2809.0,1061715.0,-26.0,1.0,41.0,-39.0,-32.0,10.0
2021-05-11,138.0,1088.0,108.0,327594.0,137874.0,348994.0,66.0,21.0,2329.0,744566.0,-27.0,2.0,46.0,-39.0,-31.0,10.0
2021-05-12,136.0,1051.0,120.0,425838.0,191391.0,452150.0,82.0,15.0,2335.0,1275374.0,-25.0,5.0,42.0,-39.0,-31.0,10.0
2021-05-13,129.0,989.0,104.0,398719.0,216183.0,424885.0,88.0,15.0,2182.0,1041242.0,-29.0,3.0,32.0,-41.0,-32.0,11.0
2021-05-14,124.0,965.0,97.0,361974.0,226306.0,384652.0,79.0,14.0,1938.0,706561.0,-27.0,6.0,45.0,-37.0,-30.0,10.0
2021-05-15,121.0,956.0,90.0,374868.0,246949.0,393606.0,67.0,15.0,1628.0,485649.0,-34.0,2.0,16.0,-38.0,-15.0,6.0
2021-05-16,123.0,932.0,80.0,171016.0,133454.0,177744.0,28.0,14.0,1923.0,1282479.0,-32.0,-2.0,30.0,-39.0,-10.0,5.0
2021-05-17,125.0,934.0,103.0,231944.0,101321.0,246014.0,55.0,13.0,2858.0,1078313.0,-17.0,1.0,40.0,-35.0,-30.0,9.0
2021-05-18,124.0,888.0,127.0,299209.0,183378.0,318803.0,50.0,11.0,2812.0,779021.0,-20.0,3.0,49.0,-36.0,-30.0,9.0
2021-05-19,122.0,908.0,127.0,339650.0,270358.0,361613.0,79.0,4.0,2813.0,1281417.0,-18.0,4.0,51.0,-36.0,-29.0,9.0
2021-05-20,123.0,903.0,132.0,396438.0,267394.0,423420.0,74.0,7.0,2517.0,1042924.0,-24.0,3.0,20.0,-41.0,-30.0,10.0
2021-05-21,124.0,913.0,123.0,400383.0,221325.0,425303.0,73.0,18.0,2367.0,752666.0,-25.0,4.0,12.0,-36.0,-29.0,9.0
2021-05-22,123.0,879.0,119.0,549177.0,215817.0,575252.0,105.0,4.0,2000.0,533420.0,-24.0,3.0,35.0,-31.0,-9.0,3.0
2021-05-23,120.0,916.0,116.0,240954.0,127737.0,247634.0,42.0,16.0,2326.0,1300397.0,-24.0,-4.0,21.0,-34.0,-9.0,3.0
2021-05-24,121.0,955.0,141.0,285643.0,115097.0,307006.0,50.0,16.0,3369.0,1063995.0,-19.0,3.0,38.0,-38.0,-31.0,9.0
2021-05-25,128.0,917.0,135.0,354216.0,188302.0,384773.0,62.0,11.0,3427.0,821986.0,-20.0,5.0,42.0,-38.0,-30.0,9.0
2021-05-26,125.0,890.0,132.0,394077.0,240156.0,426389.0,93.0,14.0,3922.0,1254386.0,-17.0,6.0,50.0,-37.0,-29.0,9.0
2021-05-27,120.0,867.0,128.0,383810.0,273825.0,417155.0,111.0,8.0,3747.0,1048352.0,-12.0,9.0,85.0,-35.0,-29.0,8.0
2021-05-28,124.0,879.0,138.0,398072.0,209847.0,427526.0,83.0,14.0,3589.0,731911.0,-11.0,12.0,68.0,-29.0,-30.0,6.0
2021-05-29,119.0,879.0,103.0,402361.0,188978.0,416894.0,85.0,12.0,3000.0,526982.0,-18.0,6.0,78.0,-22.0,-10.0,1.0
2021-05-30,124.0,901.0,112.0,192591.0,124742.0,198150.0,31.0,9.0,3164.0,694931.0,-5.0,7.0,130.0,-18.0,-7.0,-1.0
2021-05-31,122.0,923.0,124.0,178743.0,93640.0,187003.0,31.0,11.0,3897.0,705106.0,-1.0,2.0,203.0,-42.0,-71.0,12.0
2021-06-01,136.0,923.0,156.0,301855.0,102424.0,328231.0,59.0,10.0,5431.0,760614.0,-5.0,15.0,141.0,-34.0,-43.0,8.0
2021-06-02,129.0,957.0,132.0,312948.0,165761.0,343653.0,96.0,12.0,6168.0,937103.0,-6.0,11.0,113.0,-36.0,-42.0,10.0
2021-06-03,134.0,933.0,129.0,340917.0,194107.0,373923.0,136.0,16.0,6258.0,867195.0,-6.0,11.0,118.0,-37.0,-41.0,9.0
2021-06-04,130.0,961.0,126.0,352940.0,180184.0,386919.0,104.0,14.0,5861.0,717322.0,-13.0,8.0,80.0,-35.0,-39.0,9.0
2021-06-05,135.0,933.0,127.0,452840.0,212355.0,490999.0,111.0,7.0,4731.0,528564.0,-20.0,6.0,81.0,-25.0,-7.0,1.0
2021-06-06,145.0,960.0,157.0,238671.0,127224.0,255730.0,45.0,13.0,5534.0,1358001.0,-15.0,3.0,77.0,-26.0,-3.0,1.0
2021-06-07,148.0,1029.0,175.0,266003.0,108391.0,293774.0,81.0,6.0,7946.0,1059615.0,-10.0,10.0,88.0,-35.0,-31.0,8.0
2021-06-08,154.0,1052.0,189.0,279447.0,134427.0,308271.0,113.0,15.0,7896.0,779454.0,-11.0,11.0,94.0,-35.0,-29.0,8.0
2021-06-09,159.0,1060.0,191.0,284344.0,179327.0,313966.0,135.0,17.0,8210.0,1177720.0,-11.0,10.0,79.0,-35.0,-29.0,8.0
2021-06-10,158.0,1091.0,201.0,279213.0,204870.0,309279.0,169.0,16.0,8043.0,1019075.0,-12.0,11.0,79.0,-35.0,-28.0,8.0
2021-06-11,161.0,1074.0,180.0,275965.0,206446.0,304000.0,124.0,13.0,7619.0,792177.0,-15.0,10.0,72.0,-32.0,-27.0,7.0
2021-06-12,169.0,1102.0,179.0,303380.0,264923.0,329738.0,102.0,12.0,6284.0,574727.0,-21.0,7.0,78.0,-26.0,-5.0,1.0
2021-06-13,188.0,1138.0,223.0,171886.0,151399.0,185049.0,51.0,12.0,7135.0,1180923.0,-19.0,4.0,92.0,-24.0,-3.0,0.0
2021-06-14,188.0,1179.0,227.0,188720.0,129007.0,216224.0,104.0,13.0,10362.0,1067095.0,-12.0,9.0,81.0,-35.0,-30.0,8.0
2021-06-15,206.0,1229.0,229.0,195499.0,179016.0,222183.0,136.0,21.0,10800.0,839343.0,-12.0,11.0,88.0,-35.0,-29.0,8.0
2021-06-16,208.0,1254.0,232.0,201399.0,198666.0,231954.0,104.0,16.0,11052.0,1205281.0,-12.0,10.0,77.0,-35.0,-29.0,8.0
2021-06-17,210.0,1319.0,244.0,193018.0,243664.0,220220.0,216.0,9.0,11106.0,1098456.0,-15.0,9.0,60.0,-37.0,-29.0,9.0
2021-06-18,223.0,1361.0,238.0,183943.0,225866.0,208432.0,142.0,17.0,10320.0,831675.0,-19.0,6.0,34.0,-34.0,-29.0,8.0
2021-06-19,215.0,1347.0,212.0,217714.0,288643.0,242746.0,117.0,20.0,8447.0,631714.0,-21.0,6.0,44.0,-30.0,-6.0,2.0
2021-06-20,210.0,1381.0,207.0,94341.0,163510.0,108889.0,42.0,22.0,10087.0,1276756.0,-14.0,1.0,45.0,-30.0,-2.0,1.0
2021-06-21,228.0,1514.0,232.0,110246.0,145697.0,131717.0,98.0,13.0,16308.0,1156839.0,-16.0,3.0,45.0,-38.0,-31.0,9.0
2021-06-22,250.0,1534.0,238.0,136201.0,184969.0,160056.0,145.0,18.0,17402.0,894909.0,-14.0,6.0,70.0,-36.0,-30.0,8.0
2021-06-23,246.0,1485.0,273.0,134861.0,198343.0,159299.0,121.0,9.0,18351.0,1262518.0,-13.0,6.0,73.0,-36.0,-29.0,9.0
2021-06-24,259.0,1505.0,254.0,150306.0,218114.0,175772.0,157.0,29.0,18714.0,1132579.0,-13.0,7.0,69.0,-36.0,-30.0,9.0
2021-06-25,257.0,1526.0,255.0,147966.0,202352.0,169412.0,155.0,22.0,18169.0,896823.0,-14.0,8.0,54.0,-32.0,-29.0,7.0
2021-06-26,256.0,1532.0,267.0,191920.0,240843.0,207426.0,150.0,17.0,16301.0,665945.0,-19.0,2.0,62.0,-26.0,-6.0,2.0
2021-06-27,263.0,1588.0,263.0,110264.0,138440.0,122379.0,85.0,24.0,18502.0,1336887.0,-16.0,-1.0,52.0,-28.0,-4.0,1.0
2021-06-28,297.0,1725.0,309.0,112472.0,122427.0,133079.0,124.0,18.0,28418.0,1234824.0,-12.0,6.0,63.0,-36.0,-32.0,8.0
2021-06-29,283.0,1727.0,364.0,123640.0,136557.0,146779.0,171.0,24.0,28199.0,970799.0,-16.0,2.0,57.0,-38.0,-33.0,8.0
2021-06-30,287.0,1801.0,416.0,148022.0,137461.0,173334.0,143.0,26.0,28923.0,1371319.0,-12.0,6.0,67.0,-37.0,-31.0,8.0
2021-07-01,300.0,1910.0,371.0,158952.0,138588.0,183749.0,157.0,28.0,28794.0,1201630.0,-11.0,9.0,90.0,-35.0,-31.0,8.0
2021-07-02,321.0,1975.0,381.0,151735.0,119923.0,175118.0,139.0,31.0,26339.0,941484.0,-14.0,8.0,79.0,-31.0,-30.0,7.0
2021-07-03,327.0,2016.0,394.0,180958.0,140302.0,199750.0,116.0,31.0,24010.0,737135.0,-22.0,2.0,34.0,-29.0,-7.0,3.0
2021-07-04,336.0,2131.0,466.0,98249.0,77734.0,110926.0,44.0,30.0,25170.0,1376182.0,-17.0,-2.0,40.0,-28.0,-5.0,2.0
2021-07-05,369.0,2316.0,516.0,123036.0,74218.0,144994.0,77.0,27.0,34919.0,1331245.0,-11.0,6.0,68.0,-36.0,-32.0,9.0
2021-07-06,392.0,2438.0,580.0,125941.0,83911.0,151408.0,92.0,35.0,36060.0,1076295.0,-16.0,5.0,48.0,-38.0,-32.0,10.0
2021-07-07,417.0,2627.0,566.0,145736.0,87959.0,171923.0,109.0,35.0,38597.0,1353161.0,-12.0,7.0,58.0,-36.0,-32.0,9.0
2021-07-08,417.0,2713.0,605.0,155196.0,96394.0,176942.0,129.0,42.0,34020.0,1189528.0,-12.0,7.0,82.0,-36.0,-32.0,9.0
2021-07-09,437.0,2886.0,556.0,163259.0,91092.0,182637.0,120.0,53.0,32804.0,997902.0,-14.0,7.0,75.0,-32.0,-31.0,8.0
2021-07-10,448.0,2975.0,544.0,196409.0,96869.0,216142.0,157.0,45.0,28379.0,823987.0,-20.0,3.0,48.0,-28.0,-7.0,3.0
2021-07-11,454.0,3118.0,590.0,99197.0,42057.0,109573.0,59.0,35.0,30503.0,1251000.0,-14.0,5.0,55.0,-23.0,-1.0,0.0
2021-07-12,482.0,3389.0,725.0,105190.0,48233.0,119806.0,82.0,42.0,44511.0,1262015.0,-16.0,0.0,56.0,-37.0,-38.0,10.0
2021-07-13,522.0,3598.0,743.0,135522.0,55825.0,156934.0,77.0,50.0,47707.0,1039178.0,-13.0,7.0,87.0,-36.0,-34.0,9.0
2021-07-14,545.0,3776.0,747.0,162841.0,59416.0,184841.0,93.0,47.0,54910.0,1348378.0,-10.0,8.0,89.0,-35.0,-33.0,9.0
2021-07-15,551.0,3949.0,767.0,183158.0,62464.0,205148.0,109.0,54.0,62000.0,1293275.0,-11.0,10.0,96.0,-35.0,-33.0,9.0
2021-07-16,573.0,4063.0,697.0,181793.0,58364.0,201314.0,133.0,55.0,55264.0,1074443.0,-13.0,10.0,98.0,-30.0,-32.0,7.0
2021-07-17,583.0,4139.0,702.0,216215.0,69263.0,234502.0,105.0,59.0,38476.0,871030.0,-23.0,5.0,83.0,-24.0,-8.0,1.0
2021-07-18,582.0,4250.0,795.0,118364.0,35475.0,129359.0,49.0,72.0,36182.0,1197134.0,-16.0,4.0,93.0,-22.0,-4.0,0.0
2021-07-19,611.0,4557.0,875.0,124976.0,34405.0,140159.0,77.0,87.0,47924.0,1250703.0,-7.0,12.0,100.0,-34.0,-37.0,8.0
2021-07-20,618.0,4637.0,923.0,140425.0,38387.0,158656.0,68.0,68.0,39876.0,1008694.0,-10.0,11.0,100.0,-36.0,-37.0,9.0
2021-07-21,647.0,4830.0,925.0,162812.0,43108.0,179935.0,97.0,60.0,35548.0,1168100.0,-9.0,10.0,96.0,-35.0,-37.0,9.0
2021-07-22,699.0,5001.0,955.0,172598.0,42472.0,189660.0,105.0,86.0,31278.0,1130224.0,-9.0,11.0,105.0,-35.0,-38.0,9.0
2021-07-23,715.0,5202.0,845.0,173887.0,40872.0,189018.0,92.0,83.0,27817.0,1047246.0,-11.0,8.0,93.0,-31.0,-38.0,8.0
2021-07-24,755.0,5270.0,824.0,197228.0,45405.0,208847.0,81.0,68.0,22852.0,842556.0,-20.0,0.0,56.0,-25.0,-7.0,2.0
2021-07-25,779.0,5536.0,937.0,107905.0,25487.0,118336.0,67.0,73.0,22187.0,897360.0,-14.0,-2.0,68.0,-22.0,-3.0,1.0
2021-07-26,820.0,5896.0,935.0,124906.0,31002.0,140947.0,95.0,79.0,29981.0,981379.0,-4.0,8.0,118.0,-34.0,-42.0,9.0
2021-07-27,848.0,5993.0,915.0,132630.0,34071.0,149547.0,83.0,76.0,29582.0,914448.0,-8.0,6.0,84.0,-37.0,-41.0,10.0
2021-07-28,853.0,6019.0,862.0,151730.0,37351.0,170828.0,57.0,84.0,30237.0,1005988.0,-7.0,5.0,64.0,-38.0,-41.0,11.0
2021-07-29,869.0,5903.0,842.0,161496.0,39215.0,178463.0,96.0,88.0,28432.0,964389.0,-4.0,8.0,102.0,-35.0,-41.0,9.0
2021-07-30,889.0,5940.0,743.0,158836.0,35541.0,170582.0,76.0,105.0,24749.0,945036.0,-11.0,4.0,49.0,-33.0,-40.0,9.0
2021-07-31,893.0,5876.0,671.0,205581.0,40708.0,218676.0,82.0,91.0,20570.0,754876.0,-17.0,0.0,52.0,-22.0,-7.0,1.0
2021-08-01,877.0,5893.0,737.0,109613.0,22228.0,118425.0,72.0,97.0,20985.0,763931.0,-9.0,-1.0,70.0,-20.0,-3.0,0.0
2021-08-02,895.0,6114.0,784.0,110215.0,24560.0,125327.0,63.0,92.0,29840.0,895167.0,-1.0,7.0,110.0,-33.0,-43.0,9.0
2021-08-03,887.0,5902.0,761.0,128246.0,28058.0,143704.0,100.0,80.0,30473.0,831952.0,-3.0,7.0,119.0,-35.0,-42.0,9.0
2021-08-04,881.0,5697.0,831.0,152134.0,30549.0,166297.0,110.0,92.0,32338.0,944001.0,-3.0,7.0,113.0,-34.0,-41.0,9.0
2021-08-05,871.0,5643.0,798.0,159730.0,31510.0,172073.0,126.0,101.0,31660.0,924193.0,-7.0,6.0,74.0,-37.0,-42.0,10.0
2021-08-06,870.0,5613.0,759.0,160164.0,31677.0,170389.0,109.0,98.0,28035.0,884837.0,-11.0,4.0,60.0,-33.0,-41.0,9.0
2021-08-07,854.0,5549.0,716.0,208030.0,40682.0,219228.0,98.0,106.0,22540.0,751979.0,-19.0,-2.0,34.0,-24.0,-9.0,2.0
2021-08-08,856.0,5690.0,734.0,114065.0,24889.0,122842.0,97.0,83.0,22887.0,794234.0,-13.0,-2.0,45.0,-22.0,-4.0,1.0
2021-08-09,859.0,5841.0,747.0,126981.0,26311.0,135527.0,89.0,84.0,32162.0,897970.0,-3.0,6.0,88.0,-34.0,-42.0,9.0
2021-08-10,874.0,5836.0,875.0,138800.0,35571.0,148077.0,95.0,85.0,31518.0,880394.0,-1.0,8.0,122.0,-33.0,-41.0,9.0
2021-08-11,871.0,5817.0,837.0,165977.0,42023.0,175329.0,106.0,88.0,33350.0,949090.0,-3.0,6.0,100.0,-34.0,-41.0,9.0
2021-08-12,882.0,5779.0,854.0,184758.0,42927.0,193694.0,132.0,106.0,31726.0,923606.0,-2.0,8.0,111.0,-33.0,-41.0,9.0
2021-08-13,892.0,5812.0,784.0,164571.0,38199.0,173569.0,102.0,98.0,28974.0,885613.0,-8.0,6.0,90.0,-29.0,-40.0,8.0
2021-08-14,892.0,5709.0,778.0,197861.0,49832.0,206300.0,93.0,103.0,25057.0,710549.0,-16.0,0.0,70.0,-18.0,-8.0,0.0
2021-08-15,898.0,5862.0,795.0,119233.0,31832.0,126149.0,81.0,91.0,25327.0,759301.0,-9.0,0.0,75.0,-16.0,-3.0,0.0
2021-08-16,918.0,6193.0,859.0,131576.0,34627.0,137781.0,99.0,89.0,36907.0,866922.0,-2.0,7.0,100.0,-32.0,-42.0,8.0
2021-08-17,925.0,6216.0,951.0,136922.0,40289.0,144469.0,108.0,102.0,37920.0,854114.0,-5.0,6.0,87.0,-35.0,-42.0,9.0
2021-08-18,909.0,6279.0,906.0,161788.0,46107.0,169097.0,129.0,111.0,38739.0,905600.0,-3.0,6.0,95.0,-34.0,-39.0,9.0
2021-08-19,928.0,6319.0,937.0,168867.0,55396.0,176315.0,124.0,115.0,36501.0,919323.0,-5.0,7.0,98.0,-33.0,-40.0,9.0
2021-08-20,955.0,6332.0,859.0,162487.0,60469.0,170136.0,93.0,127.0,32231.0,856902.0,-8.0,5.0,88.0,-29.0,-39.0,7.0
2021-08-21,955.0,6350.0,873.0,192250.0,75576.0,199635.0,107.0,116.0,28536.0,728908.0,-18.0,-2.0,34.0,-22.0,-9.0,2.0
2021-08-22,963.0,6562.0,829.0,110855.0,42936.0,117093.0,61.0,128.0,28743.0,769217.0,-10.0,-1.0,72.0,-17.0,-2.0,0.0
2021-08-23,942.0,6842.0,966.0,128002.0,44516.0,130638.0,98.0,120.0,39715.0,904979.0,0.0,7.0,118.0,-31.0,-41.0,8.0
2021-08-24,957.0,6774.0,984.0,140682.0,56057.0,145807.0,98.0,118.0,37682.0,863984.0,-2.0,7.0,117.0,-32.0,-40.0,8.0
2021-08-25,974.0,6813.0,1032.0,142911.0,59637.0,146583.0,108.0,106.0,38777.0,1019862.0,-1.0,8.0,109.0,-32.0,-40.0,8.0
2021-08-26,982.0,6848.0,945.0,139567.0,52322.0,145478.0,103.0,125.0,37613.0,1038484.0,-1.0,9.0,109.0,-31.0,-40.0,8.0
2021-08-27,988.0,6903.0,938.0,127498.0,42484.0,132729.0,87.0,139.0,33745.0,980558.0,-5.0,9.0,98.0,-26.0,-40.0,7.0
2021-08-28,953.0,6797.0,857.0,132962.0,42394.0,136237.0,82.0,134.0,27601.0,805727.0,-14.0,1.0,82.0,-15.0,-8.0,0.0
2021-08-29,971.0,6921.0,847.0,78643.0,23562.0,80570.0,47.0,139.0,26136.0,786846.0,-2.0,0.0,98.0,-12.0,-3.0,-1.0
2021-08-30,984.0,7144.0,987.0,64551.0,18551.0,65704.0,61.0,108.0,34774.0,820061.0,1.0,-3.0,124.0,-41.0,-70.0,14.0
2021-08-31,1014.0,7489.0,989.0,115248.0,37924.0,119540.0,123.0,128.0,45212.0,1096566.0,-3.0,12.0,72.0,-33.0,-40.0,9.0
2021-09-01,1030.0,7482.0,1066.0,109872.0,39359.0,113617.0,107.0,125.0,43532.0,1212407.0,-4.0,9.0,69.0,-33.0,-36.0,9.0
2021-09-02,1038.0,7423.0,986.0,113308.0,38498.0,118464.0,141.0,136.0,42328.0,1340814.0,-5.0,9.0,77.0,-32.0,-35.0,8.0
2021-09-03,1034.0,7480.0,920.0,107592.0,34615.0,112033.0,126.0,151.0,38633.0,1409382.0,-8.0,7.0,70.0,-27.0,-33.0,7.0
2021-09-04,1019.0,7359.0,942.0,127417.0,40460.0,131403.0,161.0,145.0,31810.0,831007.0,-13.0,2.0,59.0,-19.0,-5.0,1.0
2021-09-05,1018.0,7556.0,872.0,69755.0,20773.0,73158.0,63.0,163.0,31803.0,1120522.0,-5.0,3.0,89.0,-15.0,-1.0,0.0
2021-09-06,1062.0,7844.0,1069.0,76721.0,20441.0,79677.0,108.0,157.0,44929.0,1647123.0,-3.0,10.0,87.0,-27.0,-33.0,7.0
2021-09-07,1047.0,7781.0,1083.0,78473.0,22158.0,82331.0,117.0,165.0,38619.0,1373043.0,-6.0,10.0,98.0,-28.0,-32.0,7.0
2021-09-08,1060.0,7943.0,1156.0,83447.0,23376.0,87946.0,229.0,143.0,35849.0,1402912.0,-6.0,9.0,83.0,-28.0,-31.0,7.0
2021-09-09,1051.0,7962.0,1033.0,92746.0,24279.0,97620.0,285.0,180.0,33974.0,1362950.0,-10.0,8.0,56.0,-29.0,-31.0,7.0
2021-09-10,1056.0,8134.0,920.0,86214.0,25364.0,91988.0,185.0,150.0,29187.0,1228775.0,-10.0,7.0,54.0,-24.0,-29.0,6.0
2021-09-11,1027.0,7962.0,845.0,95948.0,28237.0,101369.0,655.0,145.0,23533.0,801954.0,-12.0,3.0,61.0,-16.0,-5.0,1.0
2021-09-12,1055.0,8064.0,860.0,50603.0,14620.0,51731.0,105.0,141.0,24060.0,1183802.0,-7.0,3.0,70.0,-16.0,-2.0,0.0
2021-09-13,1056.0,8278.0,930.0,57570.0,17603.0,59180.0,312.0,118.0,34658.0,1254142.0,-6.0,8.0,64.0,-26.0,-32.0,7.0
2021-09-14,1060.0,8202.0,933.0,59821.0,19759.0,61516.0,1172.0,170.0,31435.0,1025368.0,-12.0,5.0,42.0,-29.0,-33.0,8.0
2021-09-15,1081.0,8202.0,938.0,60343.0,21504.0,62268.0,1677.0,168.0,30414.0,1270110.0,-6.0,9.0,67.0,-27.0,-31.0,7.0
2021-09-16,1020.0,7923.0,882.0,62152.0,21403.0,63821.0,3318.0,162.0,29710.0,1130929.0,-7.0,8.0,79.0,-27.0,-32.0,6.0
2021-09-17,1011.0,7713.0,743.0,58802.0,19460.0,60587.0,5348.0,184.0,29479.0,977354.0,-9.0,7.0,62.0,-24.0,-32.0,6.0
2021-09-18,1004.0,7500.0,743.0,72676.0,25768.0,74370.0,10742.0,137.0,26645.0,793313.0,-12.0,2.0,65.0,-16.0,-7.0,0.0
2021-09-19,1006.0,7548.0,722.0,34890.0,13048.0,35491.0,5726.0,137.0,31084.0,1278012.0,-9.0,1.0,49.0,-18.0,-5.0,1.0
2021-09-20,982.0,7606.0,808.0,43914.0,19268.0,45759.0,8588.0,159.0,40768.0,1190394.0,-6.0,8.0,70.0,-27.0,-33.0,6.0
2021-09-21,943.0,7423.0,791.0,41499.0,19373.0,42885.0,23678.0,139.0,38848.0,1009087.0,-8.0,8.0,71.0,-28.0,-32.0,7.0
2021-09-22,939.0,7221.0,741.0,42527.0,22914.0,44163.0,45946.0,158.0,36756.0,1211201.0,-7.0,7.0,61.0,-27.0,-29.0,7.0
2021-09-23,916.0,6982.0,771.0,45453.0,26944.0,46565.0,61074.0,149.0,35851.0,1162141.0,-8.0,8.0,59.0,-28.0,-29.0,7.0
2021-09-24,878.0,6733.0,715.0,42439.0,28866.0,43475.0,87081.0,139.0,32108.0,1020145.0,-7.0,11.0,61.0,-22.0,-30.0,5.0
2021-09-25,874.0,6775.0,666.0,48018.0,23773.0,49289.0,114896.0,127.0,28567.0,843169.0,-13.0,2.0,46.0,-14.0,-7.0,1.0
2021-09-26,839.0,6638.0,663.0,24743.0,15394.0,26521.0,55324.0,111.0,32083.0,1242291.0,-9.0,2.0,60.0,-13.0,-4.0,1.0
2021-09-27,831.0,6872.0,774.0,31282.0,28612.0,32297.0,92491.0,127.0,41589.0,1219218.0,-11.0,7.0,34.0,-27.0,-32.0,8.0
2021-09-28,826.0,6855.0,777.0,32339.0,34735.0,33235.0,111162.0,121.0,36548.0,1009202.0,-14.0,5.0,20.0,-29.0,-32.0,8.0
2021-09-29,813.0,6750.0,799.0,33232.0,36877.0,34814.0,138479.0,141.0,34837.0,1243065.0,-10.0,7.0,35.0,-29.0,-31.0,7.0
2021-09-30,815.0,6600.0,687.0,33218.0,40036.0,35314.0,163817.0,129.0,32604.0,1138340.0,-11.0,6.0,15.0,-30.0,-31.0,8.0
2021-10-01,805.0,6444.0,689.0,30990.0,38345.0,32027.0,161972.0,139.0,29058.0,973726.0,-10.0,6.0,27.0,-26.0,-30.0,7.0
2021-10-02,764.0,6300.0,692.0,34358.0,29386.0,36808.0,205863.0,117.0,26316.0,798489.0,-18.0,-3.0,-13.0,-25.0,-10.0,3.0
2021-10-03,778.0,6451.0,712.0,19762.0,23127.0,22075.0,92845.0,106.0,32059.0,1135054.0,-8.0,1.0,30.0,-19.0,-5.0,2.0
2021-10-04,769.0,6646.0,807.0,26395.0,40238.0,27216.0,121810.0,113.0,43733.0,1132463.0,-10.0,4.0,29.0,-30.0,-32.0,7.0
2021-10-05,800.0,6723.0,830.0,26673.0,46110.0,27903.0,157640.0,135.0,39279.0,1000473.0,-14.0,3.0,18.0,-32.0,-32.0,8.0
2021-10-06,807.0,6700.0,773.0,27664.0,45898.0,29497.0,188449.0,114.0,39264.0,1184656.0,-9.0,5.0,38.0,-30.0,-30.0,7.0
2021-10-07,808.0,6650.0,821.0,28079.0,46089.0,29262.0,206372.0,133.0,38465.0,1085671.0,-10.0,5.0,35.0,-30.0,-30.0,7.0
2021-10-08,780.0,6647.0,791.0,28810.0,44171.0,30092.0,200224.0,122.0,35612.0,972932.0,-10.0,5.0,37.0,-26.0,-29.0,6.0
2021-10-09,768.0,6583.0,757.0,35069.0,30883.0,37581.0,277775.0,121.0,32306.0,796995.0,-11.0,1.0,37.0,-19.0,-7.0,1.0
2021-10-10,744.0,6746.0,727.0,20653.0,22635.0,22492.0,103522.0,114.0,36418.0,1082645.0,-8.0,-1.0,48.0,-19.0,-5.0,1.0
2021-10-11,747.0,6890.0,835.0,24650.0,43866.0,25541.0,146899.0,138.0,50304.0,1144132.0,-8.0,5.0,45.0,-29.0,-31.0,7.0
2021-10-12,780.0,6910.0,929.0,24666.0,50443.0,26296.0,189040.0,136.0,48321.0,1025388.0,-12.0,5.0,33.0,-30.0,-30.0,7.0
2021-10-13,781.0,6910.0,910.0,25045.0,49213.0,26964.0,205206.0,137.0,47775.0,1196689.0,-10.0,4.0,33.0,-30.0,-30.0,7.0
2021-10-14,783.0,6965.0,898.0,25280.0,50112.0,27009.0,229328.0,161.0,46419.0,1103227.0,-11.0,5.0,37.0,-30.0,-29.0,7.0
2021-10-15,791.0,6969.0,946.0,27701.0,48153.0,29507.0,212959.0,140.0,43560.0,1014301.0,-9.0,6.0,38.0,-26.0,-29.0,6.0
2021-10-16,805.0,7002.0,880.0,33199.0,26085.0,38097.0,308035.0,150.0,37878.0,853003.0,-12.0,0.0,26.0,-21.0,-8.0,2.0
2021-10-17,819.0,7267.0,962.0,17477.0,16084.0,22266.0,121954.0,141.0,43752.0,1111003.0,-10.0,-2.0,29.0,-21.0,-6.0,2.0
2021-10-18,826.0,7636.0,1074.0,21627.0,46176.0,23355.0,157121.0,139.0,57743.0,1122236.0,-11.0,3.0,22.0,-31.0,-32.0,8.0
2021-10-19,851.0,7788.0,1098.0,22598.0,46799.0,24037.0,212312.0,142.0,52529.0,1038381.0,-13.0,3.0,21.0,-31.0,-31.0,8.0
2021-10-20,872.0,8035.0,1093.0,23870.0,50775.0,25625.0,245364.0,154.0,51661.0,1260548.0,-11.0,3.0,19.0,-31.0,-31.0,8.0
2021-10-21,892.0,8132.0,972.0,23436.0,48104.0,25513.0,278258.0,164.0,45194.0,1121702.0,-9.0,6.0,37.0,-30.0,-30.0,7.0
2021-10-22,889.0,8123.0,939.0,24169.0,44171.0,25611.0,271562.0,150.0,40664.0,1021534.0,-10.0,5.0,29.0,-26.0,-31.0,7.0
2021-10-23,869.0,8121.0,904.0,31096.0,31233.0,32302.0,356583.0,172.0,35103.0,815067.0,-13.0,1.0,23.0,-19.0,-9.0,2.0
2021-10-24,885.0,8277.0,956.0,17208.0,20370.0,18245.0,155446.0,167.0,35764.0,930687.0,-9.0,-2.0,31.0,-19.0,-7.0,2.0
2021-10-25,913.0,8595.0,1054.0,19483.0,31677.0,20185.0,190469.0,149.0,47466.0,989871.0,-1.0,6.0,61.0,-30.0,-40.0,8.0
2021-10-26,952.0,8714.0,1103.0,20738.0,35941.0,22101.0,235401.0,178.0,42124.0,943933.0,-4.0,6.0,50.0,-31.0,-39.0,9.0
2021-10-27,945.0,8827.0,1156.0,21917.0,40130.0,23301.0,255345.0,177.0,43045.0,1016376.0,-2.0,5.0,46.0,-31.0,-39.0,9.0
2021-10-28,944.0,8900.0,1071.0,21166.0,40719.0,22357.0,268793.0,199.0,41391.0,954317.0,-2.0,7.0,49.0,-30.0,-39.0,8.0
2021-10-29,962.0,8986.0,1012.0,20583.0,36424.0,21865.0,258087.0,185.0,40251.0,927458.0,-6.0,6.0,26.0,-28.0,-39.0,8.0
2021-10-30,968.0,9025.0,885.0,24929.0,34011.0,26010.0,361270.0,165.0,33569.0,778404.0,-12.0,3.0,14.0,-19.0,-10.0,1.0
2021-10-31,980.0,9179.0,1006.0,13186.0,25428.0,13864.0,150323.0,195.0,34814.0,1088277.0,-13.0,1.0,-4.0,-21.0,-7.0,2.0
2021-11-01,1030.0,9423.0,1082.0,17412.0,41325.0,18158.0,208959.0,190.0,45109.0,1113076.0,-10.0,4.0,17.0,-30.0,-31.0,8.0
2021-11-02,1024.0,9409.0,1072.0,17970.0,45444.0,18973.0,260004.0,165.0,38019.0,977974.0,-10.0,6.0,24.0,-29.0,-29.0,7.0
2021-11-03,1019.0,9197.0,969.0,18920.0,45873.0,20017.0,295804.0,184.0,35986.0,1091287.0,-10.0,5.0,13.0,-30.0,-28.0,8.0
2021-11-04,1034.0,9049.0,871.0,18023.0,45541.0,19046.0,307707.0,169.0,33662.0,1003904.0,-10.0,7.0,21.0,-29.0,-28.0,7.0
2021-11-05,1026.0,8834.0,842.0,20536.0,42745.0,22103.0,294528.0,166.0,30318.0,885695.0,-10.0,7.0,34.0,-26.0,-28.0,7.0
2021-11-06,1018.0,8592.0,821.0,25567.0,33708.0,26633.0,408244.0,170.0,27436.0,718951.0,-14.0,0.0,12.0,-21.0,-9.0,3.0
2021-11-07,1012.0,8616.0,885.0,12768.0,21633.0,14604.0,191389.0,160.0,30586.0,954943.0,-7.0,1.0,27.0,-18.0,-6.0,1.0
2021-11-08,1026.0,8769.0,1001.0,18353.0,36418.0,19181.0,237800.0,161.0,44126.0,1064735.0,-10.0,5.0,17.0,-29.0,-29.0,7.0
2021-11-09,1023.0,8713.0,974.0,19143.0,40069.0,20071.0,297905.0,157.0,42246.0,925890.0,-11.0,6.0,19.0,-30.0,-28.0,7.0
2021-11-10,1008.0,8641.0,978.0,22191.0,36397.0,23382.0,327965.0,168.0,42942.0,1103742.0,-11.0,5.0,9.0,-30.0,-27.0,8.0
2021-11-11,999.0,8498.0,954.0,20958.0,36862.0,22589.0,333153.0,158.0,40999.0,1034375.0,-10.0,6.0,21.0,-29.0,-27.0,7.0
2021-11-12,989.0,8397.0,877.0,20293.0,34561.0,21349.0,320650.0,145.0,37763.0,901160.0,-11.0,5.0,6.0,-27.0,-28.0,7.0
2021-11-13,974.0,8256.0,771.0,25402.0,31570.0,26698.0,448553.0,152.0,32885.0,743205.0,-11.0,2.0,16.0,-20.0,-8.0,2.0
2021-11-14,979.0,8344.0,804.0,15062.0,19004.0,15734.0,194217.0,134.0,35532.0,1005810.0,-7.0,1.0,27.0,-18.0,-6.0,1.0
2021-11-15,968.0,8514.0,834.0,16474.0,32062.0,17451.0,247431.0,171.0,50948.0,1069872.0,-9.0,6.0,18.0,-29.0,-29.0,7.0
2021-11-16,938.0,8237.0,887.0,17831.0,30169.0,19131.0,305254.0,166.0,46430.0,914232.0,-11.0,5.0,14.0,-29.0,-28.0,7.0
2021-11-17,935.0,8002.0,853.0,20449.0,31631.0,21906.0,341528.0,127.0,45895.0,1140176.0,-9.0,5.0,16.0,-29.0,-27.0,7.0
2021-11-18,923.0,7911.0,838.0,18894.0,28960.0,20178.0,344362.0,131.0,44062.0,1048128.0,-9.0,7.0,18.0,-29.0,-27.0,7.0
2021-11-19,911.0,7870.0,773.0,20171.0,25765.0,21198.0,327342.0,142.0,39606.0,930547.0,-8.0,7.0,19.0,-25.0,-27.0,7.0
2021-11-20,908.0,7754.0,723.0,24717.0,24685.0,26666.0,450373.0,143.0,35335.0,805492.0,-10.0,1.0,11.0,-18.0,-8.0,2.0
2021-11-21,913.0,7847.0,754.0,12916.0,14403.0,14437.0,216707.0,121.0,37250.0,1084439.0,-6.0,0.0,20.0,-18.0,-6.0,1.0
2021-11-22,928.0,7945.0,733.0,16517.0,20747.0,17599.0,266227.0,131.0,50733.0,1128608.0,-8.0,6.0,18.0,-29.0,-29.0,7.0
2021-11-23,919.0,7731.0,775.0,20645.0,22334.0,22068.0,319296.0,149.0,48197.0,1009419.0,-10.0,6.0,15.0,-29.0,-28.0,7.0
2021-11-24,928.0,7487.0,902.0,22214.0,22041.0,23666.0,343796.0,123.0,46772.0,1191089.0,-9.0,5.0,8.0,-29.0,-27.0,8.0
2021-11-25,925.0,7496.0,777.0,23504.0,22543.0,24933.0,356246.0,141.0,43425.0,1104534.0,-6.0,8.0,17.0,-28.0,-27.0,7.0
2021-11-26,925.0,7402.0,732.0,25126.0,20248.0,26196.0,342628.0,132.0,39330.0,951532.0,-7.0,6.0,0.0,-26.0,-29.0,7.0
2021-11-27,911.0,7252.0,713.0,35299.0,24742.0,37824.0,455856.0,124.0,33303.0,815178.0,-16.0,-3.0,-20.0,-26.0,-10.0,4.0
2021-11-28,919.0,7276.0,705.0,25937.0,17313.0,28668.0,247565.0,143.0,39706.0,1112198.0,-8.0,0.0,3.0,-20.0,-6.0,2.0
2021-11-29,916.0,7503.0,799.0,25207.0,19622.0,26738.0,268745.0,144.0,56289.0,1182852.0,-7.0,6.0,4.0,-31.0,-30.0,8.0
2021-11-30,931.0,7520.0,836.0,29970.0,23823.0,32022.0,343572.0,122.0,55695.0,1148133.0,-7.0,10.0,5.0,-30.0,-28.0,8.0
2021-12-01,895.0,7194.0,819.0,31923.0,22465.0,34016.0,364866.0,138.0,54820.0,1324942.0,-8.0,6.0,0.0,-30.0,-28.0,8.0
2021-12-02,895.0,7260.0,823.0,29947.0,21978.0,31929.0,381502.0,123.0,50319.0,1245029.0,-7.0,7.0,11.0,-30.0,-27.0,8.0
2021-12-03,900.0,7178.0,732.0,29586.0,21466.0,31374.0,357922.0,147.0,45667.0,1160475.0,-7.0,6.0,5.0,-26.0,-28.0,7.0
2021-12-04,895.0,7033.0,744.0,38351.0,26693.0,41487.0,456169.0,162.0,38784.0,961840.0,-12.0,-1.0,-4.0,-20.0,-8.0,3.0
2021-12-05,882.0,7129.0,837.0,24377.0,18240.0,26870.0,251559.0,117.0,41051.0,1225694.0,-7.0,0.0,-1.0,-20.0,-5.0,2.0
2021-12-06,901.0,7234.0,868.0,22974.0,17264.0,24333.0,284594.0,143.0,59694.0,1281806.0,-8.0,6.0,-4.0,-32.0,-30.0,8.0
2021-12-07,880.0,7225.0,938.0,25339.0,18775.0,27053.0,345735.0,131.0,56258.0,1171794.0,-14.0,2.0,-12.0,-34.0,-28.0,9.0
2021-12-08,890.0,7248.0,887.0,27936.0,19150.0,29853.0,376922.0,133.0,58827.0,1379265.0,-8.0,6.0,-4.0,-32.0,-26.0,8.0
2021-12-09,900.0,7321.0,947.0,32370.0,21374.0,34004.0,430681.0,132.0,56995.0,1390713.0,-5.0,9.0,10.0,-30.0,-26.0,7.0
2021-12-10,901.0,7280.0,828.0,31102.0,21370.0,32476.0,399799.0,122.0,52492.0,1274242.0,-6.0,7.0,5.0,-26.0,-26.0,7.0
2021-12-11,883.0,7239.0,788.0,37727.0,24579.0,40498.0,539442.0,109.0,48594.0,1047517.0,-12.0,1.0,-10.0,-20.0,-5.0,2.0
2021-12-12,893.0,7358.0,862.0,28305.0,22147.0,30610.0,380969.0,137.0,53158.0,1343752.0,-7.0,1.0,5.0,-20.0,-2.0,2.0
2021-12-13,900.0,7573.0,916.0,27138.0,21495.0,29074.0,465660.0,112.0,87169.0,1493748.0,-4.0,11.0,6.0,-33.0,-30.0,8.0
2021-12-14,896.0,7576.0,948.0,33474.0,24934.0,35005.0,615422.0,150.0,102788.0,1427480.0,-6.0,12.0,8.0,-34.0,-29.0,9.0
2021-12-15,888.0,7488.0,939.0,36257.0,27424.0,38509.0,710241.0,119.0,112703.0,1748398.0,-2.0,13.0,8.0,-33.0,-29.0,9.0
2021-12-16,875.0,7505.0,909.0,38902.0,31266.0,40992.0,822679.0,118.0,106055.0,1743793.0,-3.0,14.0,14.0,-34.0,-30.0,9.0
2021-12-17,879.0,7381.0,864.0,38591.0,30599.0,40474.0,794390.0,131.0,95897.0,1749836.0,-6.0,10.0,7.0,-32.0,-30.0,9.0
2021-12-18,855.0,7323.0,835.0,44073.0,38031.0,46266.0,915404.0,107.0,88883.0,1536818.0,-14.0,4.0,-4.0,-26.0,-6.0,3.0
2021-12-19,858.0,7474.0,1012.0,38756.0,33690.0,40866.0,804089.0,115.0,89133.0,1545941.0,-8.0,3.0,0.0,-25.0,-1.0,2.0
2021-12-20,859.0,7720.0,1215.0,44662.0,35023.0,46867.0,798319.0,134.0,133966.0,1675842.0,5.0,19.0,14.0,-37.0,-41.0,10.0
2021-12-21,849.0,7924.0,1245.0,48668.0,35775.0,51065.0,854296.0,111.0,150293.0,1622411.0,2.0,22.0,15.0,-39.0,-42.0,11.0
2021-12-22,842.0,8150.0,1407.0,47689.0,36565.0,49964.0,745414.0,136.0,161560.0,1799894.0,4.0,29.0,5.0,-39.0,-44.0,11.0
2021-12-23,843.0,8180.0,1402.0,38954.0,30218.0,40858.0,516599.0,135.0,160633.0,1743715.0,7.0,42.0,8.0,-39.0,-50.0,12.0
2021-12-24,832.0,8419.0,1188.0,12468.0,9563.0,12638.0,140716.0,117.0,137268.0,1757827.0,-17.0,20.0,-4.0,-49.0,-62.0,16.0
2021-12-25,838.0,8210.0,1412.0,473.0,397.0,372.0,4305.0,111.0,70363.0,1265322.0,-87.0,-88.0,-49.0,-81.0,-64.0,11.0
2021-12-26,851.0,8615.0,1533.0,1830.0,1544.0,1716.0,17279.0,116.0,116287.0,1394318.0,-48.0,-50.0,-16.0,-55.0,-35.0,4.0
2021-12-27,870.0,9621.0,1954.0,19574.0,17250.0,22322.0,226470.0,133.0,195011.0,1425916.0,-15.0,-17.0,11.0,-54.0,-78.0,18.0
2021-12-28,851.0,10769.0,2296.0,27588.0,23377.0,28703.0,276069.0,162.0,212469.0,1509556.0,-14.0,-9.0,18.0,-54.0,-76.0,20.0
2021-12-29,868.0,11820.0,2635.0,41298.0,32843.0,42911.0,380095.0,132.0,272798.0,1620096.0,-11.0,2.0,5.0,-50.0,-65.0,18.0
2021-12-30,875.0,13003.0,2383.0,41391.0,32454.0,42708.0,346368.0,176.0,236576.0,1591291.0,-11.0,8.0,20.0,-49.0,-64.0,18.0
2021-12-31,883.0,14026.0,2088.0,19460.0,13837.0,20494.0,139465.0,155.0,188567.0,1836963.0,-20.0,9.0,22.0,-51.0,-64.0,17.0
2022-01-01,857.0,14340.0,2065.0,2501.0,1856.0,2409.0,16133.0,176.0,118275.0,1212021.0,-63.0,-54.0,3.0,-59.0,-49.0,11.0
2022-01-02,864.0,14961.0,2102.0,15549.0,11664.0,16275.0,103332.0,170.0,181068.0,1445895.0,-25.0,-12.0,0.0,-39.0,-15.0,6.0
2022-01-03,878.0,16134.0,2461.0,27588.0,18338.0,28824.0,128537.0,178.0,229901.0,1754101.0,-15.0,-8.0,32.0,-56.0,-74.0,21.0
2022-01-04,900.0,17136.0,2397.0,37930.0,23902.0,41376.0,193536.0,204.0,275647.0,2347776.0,-25.0,0.0,-5.0,-48.0,-42.0,15.0
2022-01-05,875.0,17842.0,2388.0,35112.0,24587.0,38772.0,216846.0,182.0,222174.0,2355302.0,-25.0,-1.0,0.0,-46.0,-36.0,14.0
2022-01-06,868.0,18311.0,2330.0,29742.0,22918.0,33699.0,204778.0,222.0,172980.0,1975178.0,-30.0,-4.0,-14.0,-47.0,-35.0,14.0
2022-01-07,840.0,18492.0,2034.0,30956.0,21887.0,34467.0,194534.0,228.0,120287.0,1712498.0,-28.0,-4.0,-13.0,-44.0,-32.0,13.0
2022-01-08,820.0,18417.0,2088.0,45703.0,31138.0,52292.0,226647.0,215.0,93615.0,1406168.0,-32.0,-9.0,-36.0,-44.0,-12.0,8.0
2022-01-09,816.0,18843.0,2207.0,28542.0,20944.0,30892.0,123780.0,240.0,95790.0,1709547.0,-22.0,-7.0,13.0,-36.0,-6.0,5.0
2022-01-10,821.0,19656.0,2453.0,23732.0,15940.0,25864.0,124015.0,244.0,132959.0,1785874.0,-22.0,-2.0,-1.0,-42.0,-31.0,11.0
2022-01-11,793.0,19561.0,2412.0,25304.0,17296.0,27541.0,117683.0,232.0,115245.0,1518108.0,-23.0,-2.0,1.0,-42.0,-31.0,11.0
2022-01-12,785.0,19529.0,2181.0,28243.0,18279.0,30484.0,107172.0,239.0,103219.0,1665483.0,-21.0,-1.0,10.0,-41.0,-30.0,11.0
2022-01-13,777.0,19368.0,2152.0,29682.0,18717.0,31888.0,96608.0,243.0,96412.0,1486300.0,-22.0,0.0,13.0,-41.0,-30.0,11.0
2022-01-14,746.0,19165.0,1926.0,28070.0,19353.0,30167.0,96228.0,235.0,86325.0,1323519.0,-21.0,0.0,7.0,-38.0,-28.0,10.0
2022-01-15,712.0,18913.0,1780.0,51547.0,26709.0,57825.0,102787.0,259.0,77950.0,1143241.0,-22.0,-5.0,-4.0,-35.0,-8.0,5.0
2022-01-16,715.0,19036.0,1935.0,33918.0,16748.0,36487.0,54272.0,256.0,98097.0,1365502.0,-19.0,-6.0,18.0,-33.0,-5.0,3.0
2022-01-17,713.0,19267.0,2014.0,24342.0,14834.0,25889.0,60098.0,232.0,131514.0,1528865.0,-19.0,-1.0,17.0,-39.0,-30.0,9.0
2022-01-18,703.0,18833.0,2003.0,26605.0,16856.0,28308.0,60792.0,233.0,118857.0,1407207.0,-22.0,-2.0,8.0,-38.0,-30.0,10.0
2022-01-19,675.0,18327.0,1971.0,27366.0,16178.0,29248.0,56456.0,221.0,111760.0,1620382.0,-20.0,-1.0,5.0,-38.0,-29.0,10.0
2022-01-20,664.0,17824.0,1897.0,29270.0,16248.0,31197.0,54393.0,201.0,100324.0,1437677.0,-19.0,0.0,13.0,-37.0,-29.0,10.0
2022-01-21,640.0,17391.0,1665.0,31602.0,16887.0,33783.0,60991.0,248.0,91730.0,1304051.0,-19.0,0.0,4.0,-35.0,-27.0,9.0
2022-01-22,625.0,16745.0,1421.0,42249.0,19506.0,47310.0,68177.0,224.0,81733.0,1106402.0,-19.0,-4.0,4.0,-30.0,-7.0,4.0
2022-01-23,603.0,16721.0,1690.0,26976.0,11215.0,30174.0,37360.0,218.0,102365.0,1312954.0,-19.0,-7.0,11.0,-30.0,-5.0,3.0
2022-01-24,598.0,16993.0,1775.0,28476.0,12097.0,29824.0,47284.0,229.0,127364.0,1493527.0,-18.0,-2.0,9.0,-36.0,-29.0,9.0
2022-01-25,575.0,16397.0,1869.0,26932.0,13110.0,28094.0,46360.0,193.0,113202.0,1362080.0,-20.0,-1.0,6.0,-36.0,-29.0,9.0
2022-01-26,561.0,16327.0,1868.0,29103.0,14183.0,30247.0,46876.0,196.0,108668.0,1537818.0,-17.0,-1.0,8.0,-36.0,-29.0,9.0
2022-01-27,549.0,15983.0,1669.0,28441.0,15179.0,29612.0,45566.0,220.0,96201.0,1370966.0,-17.0,1.0,15.0,-35.0,-28.0,9.0
2022-01-28,535.0,15759.0,1507.0,32424.0,16108.0,33786.0,49373.0,202.0,84026.0,1238865.0,-15.0,1.0,7.0,-32.0,-27.0,9.0
2022-01-29,527.0,14885.0,1440.0,37153.0,18177.0,40644.0,52075.0,181.0,73512.0,1028269.0,-16.0,-4.0,1.0,-27.0,-7.0,4.0
2022-01-30,520.0,15163.0,1415.0,24979.0,11027.0,27274.0,31063.0,190.0,87702.0,1222054.0,-12.0,-5.0,27.0,-26.0,-4.0,2.0
2022-01-31,511.0,15514.0,1655.0,21907.0,11155.0,22860.0,32596.0,207.0,105051.0,1394824.0,-15.0,0.0,9.0,-34.0,-29.0,8.0
2022-02-01,502.0,15056.0,1744.0,24872.0,11614.0,25609.0,30809.0,207.0,93949.0,1281569.0,-16.0,1.0,14.0,-33.0,-28.0,8.0
2022-02-02,483.0,14648.0,1629.0,24834.0,11283.0,25730.0,32072.0,188.0,88418.0,1428929.0,-15.0,1.0,12.0,-32.0,-27.0,9.0
2022-02-03,478.0,14459.0,1477.0,25416.0,11619.0,26334.0,31879.0,191.0,76644.0,1296136.0,-15.0,2.0,14.0,-33.0,-27.0,8.0
2022-02-04,474.0,14021.0,1398.0,24662.0,10607.0,25561.0,32018.0,160.0,63264.0,1146903.0,-16.0,1.0,1.0,-31.0,-26.0,8.0
2022-02-05,458.0,13528.0,1224.0,26623.0,12685.0,28216.0,35041.0,172.0,52305.0,934094.0,-17.0,-5.0,-7.0,-26.0,-8.0,4.0
2022-02-06,441.0,13416.0,1331.0,14068.0,6510.0,15495.0,17491.0,158.0,60552.0,1104373.0,-17.0,-7.0,-9.0,-28.0,-5.0,3.0
2022-02-07,443.0,13603.0,1409.0,21876.0,8920.0,22402.0,26766.0,140.0,76483.0,1284404.0,-15.0,1.0,15.0,-32.0,-28.0,8.0
2022-02-08,430.0,13360.0,1462.0,22992.0,9588.0,23557.0,25682.0,158.0,69661.0,1197645.0,-15.0,1.0,16.0,-31.0,-28.0,8.0
2022-02-09,432.0,12936.0,1411.0,23481.0,10238.0,24261.0,26080.0,144.0,64339.0,1291484.0,-14.0,1.0,13.0,-31.0,-27.0,8.0
2022-02-10,430.0,12531.0,1325.0,24242.0,9976.0,25483.0,27827.0,124.0,52293.0,1125976.0,-14.0,3.0,15.0,-30.0,-27.0,8.0
2022-02-11,416.0,12108.0,1166.0,25345.0,10234.0,26122.0,36961.0,141.0,44559.0,1002650.0,-12.0,4.0,18.0,-27.0,-26.0,7.0
2022-02-12,400.0,11757.0,1133.0,24488.0,12112.0,26053.0,38669.0,144.0,37529.0,782954.0,-16.0,-2.0,-2.0,-24.0,-8.0,3.0
2022-02-13,384.0,11810.0,1183.0,11422.0,5624.0,13085.0,17385.0,127.0,41755.0,832062.0,-16.0,-4.0,-21.0,-26.0,-6.0,3.0
2022-02-14,393.0,12039.0,1336.0,16135.0,7140.0,16709.0,26608.0,158.0,54745.0,991337.0,-4.0,9.0,19.0,-31.0,-33.0,8.0
2022-02-15,354.0,11818.0,1345.0,18829.0,8409.0,19503.0,29392.0,133.0,52502.0,941761.0,-15.0,-2.0,4.0,-33.0,-33.0,8.0
2022-02-16,359.0,11485.0,1372.0,19897.0,8556.0,20859.0,29223.0,133.0,51572.0,1017530.0,-14.0,-1.0,5.0,-33.0,-32.0,9.0
2022-02-17,330.0,11323.0,1166.0,20375.0,8786.0,21188.0,28948.0,124.0,44716.0,933045.0,-10.0,5.0,24.0,-30.0,-31.0,8.0
2022-02-18,335.0,10961.0,1093.0,12682.0,5550.0,13097.0,22068.0,128.0,33241.0,733413.0,-32.0,-15.0,-27.0,-46.0,-39.0,14.0
2022-02-19,328.0,10977.0,1009.0,18732.0,8703.0,20434.0,30626.0,122.0,34647.0,628396.0,-21.0,-4.0,-17.0,-28.0,-9.0,4.0
2022-02-20,334.0,10886.0,1117.0,8952.0,4120.0,9879.0,17299.0,127.0,37720.0,767515.0,-22.0,-10.0,-26.0,-30.0,-7.0,3.0
2022-02-21,324.0,11071.0,1220.0,13493.0,6197.0,14006.0,24346.0,110.0,45132.0,887581.0,-13.0,1.0,16.0,-34.0,-34.0,9.0
2022-02-22,312.0,10805.0,1167.0,15931.0,6830.0,16559.0,26200.0,120.0,39188.0,774361.0,-11.0,2.0,23.0,-30.0,-32.0,8.0
2022-02-23,304.0,10757.0,1210.0,15870.0,7464.0,16686.0,25065.0,119.0,36477.0,788387.0,-10.0,1.0,19.0,-31.0,-32.0,8.0
2022-02-24,289.0,10472.0,1200.0,14064.0,6799.0,14759.0,22395.0,127.0,30631.0,711034.0,-13.0,0.0,10.0,-32.0,-32.0,8.0
2022-02-25,271.0,10350.0,1086.0,14953.0,6813.0,15654.0,25043.0,120.0,27837.0,635167.0,-9.0,4.0,31.0,-27.0,-31.0,7.0
2022-02-26,255.0,10077.0,1072.0,18458.0,7947.0,19704.0,27013.0,103.0,25089.0,501621.0,-12.0,-2.0,20.0,-20.0,-7.0,1.0
2022-02-27,271.0,10232.0,1091.0,9332.0,3691.0,10281.0,14340.0,119.0,31360.0,578496.0,-8.0,-2.0,42.0,-17.0,-3.0,0.0
2022-02-28,290.0,10479.0,1393.0,13480.0,5254.0,13862.0,18699.0,105.0,44649.0,760969.0,-14.0,3.0,5.0,-31.0,-28.0,7.0
2022-03-01,278.0,10448.0,1349.0,13926.0,5436.0,14529.0,17574.0,106.0,44795.0,692816.0,-17.0,5.0,12.0,-32.0,-27.0,7.0
2022-03-02,279.0,10366.0,1437.0,13237.0,5427.0,13828.0,18942.0,146.0,46179.0,726236.0,-17.0,0.0,-6.0,-32.0,-26.0,8.0
2022-03-03,264.0,10220.0,1445.0,14785.0,5546.0,15306.0,18631.0,105.0,43761.0,682866.0,-16.0,3.0,12.0,-34.0,-27.0,7.0
2022-03-04,257.0,10422.0,1344.0,14902.0,5961.0,15596.0,19984.0,112.0,41408.0,632612.0,-14.0,2.0,7.0,-30.0,-25.0,7.0
2022-03-05,256.0,10417.0,1232.0,17663.0,6602.0,18715.0,24253.0,101.0,38759.0,503660.0,-14.0,-2.0,6.0,-24.0,-7.0,2.0
2022-03-06,263.0,10565.0,1449.0,8862.0,3161.0,9606.0,12731.0,95.0,49026.0,563138.0,-11.0,-3.0,25.0,-22.0,-4.0,1.0
2022-03-07,269.0,11043.0,1514.0,12040.0,4108.0,12539.0,15910.0,123.0,68520.0,762007.0,-15.0,1.0,18.0,-32.0,-27.0,7.0
2022-03-08,275.0,11367.0,1680.0,13027.0,4635.0,13862.0,16224.0,119.0,70112.0,735427.0,-16.0,2.0,17.0,-32.0,-26.0,6.0
2022-03-09,266.0,11469.0,1804.0,13616.0,5102.0,14560.0,16827.0,106.0,73531.0,760994.0,-17.0,0.0,8.0,-33.0,-26.0,7.0
2022-03-10,253.0,11675.0,1698.0,14373.0,4910.0,14977.0,16304.0,114.0,70510.0,750948.0,-16.0,2.0,21.0,-32.0,-25.0,7.0
2022-03-11,254.0,11857.0,1712.0,13861.0,4991.0,14479.0,18550.0,120.0,67030.0,700383.0,-19.0,-1.0,-1.0,-32.0,-26.0,7.0
2022-03-12,252.0,12161.0,1612.0,19921.0,6960.0,20830.0,22949.0,123.0,62078.0,566253.0,-17.0,-3.0,9.0,-26.0,-7.0,2.0
2022-03-13,257.0,12515.0,1801.0,11236.0,3460.0,12071.0,12065.0,112.0,75739.0,640741.0,-16.0,-5.0,9.0,-24.0,-5.0,1.0
2022-03-14,280.0,13268.0,1970.0,12193.0,4073.0,12586.0,14924.0,141.0,99834.0,838107.0,-16.0,1.0,25.0,-32.0,-27.0,7.0
2022-03-15,281.0,13783.0,2120.0,13313.0,4642.0,13746.0,16070.0,122.0,93708.0,811475.0,-17.0,0.0,24.0,-32.0,-26.0,7.0
2022-03-16,281.0,13965.0,2129.0,13470.0,4521.0,14115.0,16171.0,146.0,91751.0,849838.0,-20.0,-3.0,-4.0,-34.0,-26.0,8.0
2022-03-17,292.0,14404.0,2064.0,13259.0,4410.0,13874.0,15174.0,136.0,82853.0,794739.0,-13.0,2.0,31.0,-31.0,-27.0,7.0
2022-03-18,287.0,14667.0,1960.0,14431.0,5122.0,14982.0,16534.0,171.0,75285.0,739669.0,-14.0,1.0,38.0,-29.0,-27.0,6.0
2022-03-19,277.0,14738.0,2044.0,18428.0,6370.0,19144.0,19499.0,165.0,67417.0,602298.0,-16.0,-3.0,36.0,-23.0,-9.0,1.0
2022-03-20,280.0,15189.0,2029.0,9007.0,3737.0,9632.0,10019.0,175.0,81054.0,646903.0,-12.0,-3.0,42.0,-20.0,-6.0,0.0
2022-03-21,299.0,15980.0,2268.0,11442.0,4081.0,11771.0,14037.0,163.0,109286.0,857029.0,-15.0,2.0,31.0,-32.0,-27.0,7.0
2022-03-22,316.0,16409.0,2416.0,10940.0,3946.0,11324.0,15123.0,167.0,99095.0,839091.0,-16.0,2.0,42.0,-31.0,-26.0,6.0
2022-03-23,302.0,16652.0,2480.0,12128.0,4498.0,12671.0,16057.0,158.0,94185.0,827734.0,-13.0,2.0,43.0,-31.0,-26.0,6.0
2022-03-24,330.0,17119.0,2323.0,11175.0,4531.0,11507.0,14431.0,166.0,82905.0,765224.0,-12.0,5.0,48.0,-30.0,-26.0,6.0
2022-03-25,333.0,17384.0,2226.0,13011.0,4423.0,13532.0,15393.0,182.0,72430.0,709667.0,-11.0,7.0,45.0,-28.0,-27.0,5.0
2022-03-26,345.0,17321.0,2121.0,18279.0,6807.0,18915.0,17521.0,162.0,61456.0,566728.0,-12.0,9.0,48.0,-19.0,-8.0,0.0
2022-03-27,344.0,18037.0,2237.0,7307.0,3381.0,7862.0,7122.0,160.0,68336.0,644557.0,-10.0,0.0,45.0,-17.0,-4.0,-1.0
2022-03-28,363.0,18807.0,2540.0,9927.0,3263.0,10511.0,12784.0,177.0,92857.0,771570.0,-14.0,2.0,33.0,-31.0,-28.0,7.0
2022-03-29,365.0,19052.0,2543.0,10739.0,3570.0,11146.0,13386.0,196.0,80126.0,756062.0,-18.0,1.0,16.0,-32.0,-27.0,7.0
2022-03-30,359.0,19200.0,2668.0,11677.0,4215.0,12276.0,14690.0,182.0,73643.0,741952.0,-18.0,0.0,5.0,-34.0,-26.0,7.0
2022-03-31,356.0,19258.0,2414.0,11595.0,4157.0,12577.0,14065.0,192.0,54791.0,682139.0,-16.0,2.0,8.0,-33.0,-26.0,7.0
2022-04-01,352.0,19605.0,2124.0,10378.0,4024.0,11119.0,13466.0,205.0,47462.0,606822.0,-16.0,2.0,11.0,-31.0,-25.0,6.0
2022-04-02,350.0,19263.0,2073.0,15603.0,7136.0,16498.0,16253.0,192.0,37592.0,446781.0,-17.0,-2.0,9.0,-26.0,-8.0,2.0
2022-04-03,342.0,19616.0,2292.0,8144.0,4046.0,8775.0,8341.0,188.0,42179.0,490747.0,-14.0,-3.0,26.0,-21.0,-5.0,1.0
2022-04-04,351.0,20080.0,2442.0,9216.0,5788.0,9532.0,12727.0,179.0,53727.0,617103.0,-17.0,0.0,13.0,-34.0,-31.0,7.0
2022-04-05,364.0,20089.0,2583.0,8986.0,6196.0,9295.0,12930.0,202.0,49101.0,569395.0,-16.0,1.0,23.0,-33.0,-30.0,7.0
2022-04-06,361.0,20128.0,2431.0,9327.0,6052.0,9735.0,13771.0,196.0,44750.0,551652.0,-16.0,-1.0,10.0,-34.0,-30.0,8.0
2022-04-07,357.0,20049.0,2245.0,9312.0,5878.0,10186.0,13551.0,231.0,38709.0,509987.0,-16.0,1.0,18.0,-33.0,-30.0,7.0
2022-04-08,355.0,19786.0,1997.0,10507.0,6398.0,10925.0,15041.0,238.0,32988.0,464435.0,-13.0,5.0,27.0,-29.0,-30.0,6.0
2022-04-09,367.0,19209.0,1892.0,15642.0,12539.0,16522.0,17682.0,173.0,27885.0,356088.0,-16.0,1.0,22.0,-21.0,-7.0,1.0
2022-04-10,372.0,19348.0,1989.0,8010.0,7291.0,8652.0,9150.0,197.0,30952.0,352015.0,-10.0,0.0,42.0,-17.0,-4.0,0.0
2022-04-11,379.0,19785.0,2097.0,11039.0,8761.0,11431.0,14867.0,185.0,37371.0,501921.0,-7.0,7.0,53.0,-30.0,-36.0,7.0
2022-04-12,385.0,19490.0,2229.0,10587.0,9055.0,10995.0,15063.0,199.0,33771.0,435449.0,-11.0,5.0,35.0,-32.0,-36.0,8.0
2022-04-13,355.0,18750.0,2115.0,11896.0,10311.0,12403.0,15986.0,222.0,31685.0,422916.0,-7.0,6.0,51.0,-30.0,-36.0,7.0
2022-04-14,349.0,18248.0,1889.0,11442.0,10477.0,12384.0,15319.0,192.0,26639.0,396585.0,1.0,17.0,74.0,-27.0,-38.0,5.0
2022-04-15,320.0,17569.0,1637.0,4967.0,5067.0,5276.0,5945.0,172.0,21617.0,302761.0,-10.0,1.0,98.0,-37.0,-65.0,12.0
2022-04-16,332.0,17501.0,1441.0,10992.0,8800.0,11296.0,11203.0,164.0,19925.0,267613.0,-20.0,4.0,61.0,-23.0,-16.0,1.0
2022-04-17,328.0,17336.0,1483.0,2347.0,1946.0,2283.0,2853.0,163.0,20144.0,262774.0,-33.0,-39.0,76.0,-21.0,-17.0,0.0
2022-04-18,326.0,17238.0,1662.0,3335.0,2974.0,3343.0,4040.0,174.0,25223.0,344508.0,-5.0,-4.0,107.0,-42.0,-73.0,13.0
2022-04-19,336.0,17685.0,1614.0,10223.0,8452.0,11007.0,14344.0,159.0,25772.0,415068.0,-13.0,6.0,49.0,-31.0,-35.0,7.0
2022-04-20,349.0,17156.0,1504.0,10057.0,7946.0,10783.0,15025.0,161.0,21457.0,369804.0,-11.0,4.0,59.0,-30.0,-31.0,6.0
2022-04-21,338.0,16230.0,1429.0,9573.0,8496.0,10234.0,14448.0,162.0,18464.0,365448.0,-10.0,6.0,66.0,-29.0,-30.0,6.0
2022-04-22,325.0,15704.0,1361.0,10477.0,8283.0,11135.0,14552.0,156.0,15703.0,336363.0,-13.0,5.0,38.0,-28.0,-30.0,6.0
2022-04-23,325.0,14889.0,1201.0,16106.0,13018.0,16873.0,17506.0,146.0,13210.0,260480.0,-16.0,2.0,24.0,-21.0,-6.0,1.0
2022-04-24,324.0,14773.0,1180.0,7972.0,6239.0,8595.0,8605.0,131.0,14714.0,265780.0,-12.0,0.0,46.0,-16.0,-3.0,0.0
2022-04-25,320.0,14588.0,1268.0,7220.0,4709.0,7575.0,12308.0,129.0,17109.0,408965.0,-12.0,6.0,30.0,-28.0,-25.0,5.0
2022-04-26,326.0,13906.0,1247.0,6717.0,5109.0,7105.0,12771.0,125.0,14560.0,334701.0,-12.0,6.0,35.0,-26.0,-23.0,5.0
2022-04-27,310.0,13471.0,1222.0,7741.0,5115.0,8131.0,14524.0,135.0,13055.0,308098.0,-12.0,6.0,24.0,-27.0,-23.0,5.0
2022-04-28,302.0,12851.0,1071.0,7473.0,4903.0,8688.0,13326.0,130.0,11608.0,292497.0,-10.0,8.0,33.0,-26.0,-23.0,5.0
2022-04-29,305.0,12287.0,996.0,8767.0,5143.0,8960.0,14155.0,108.0,10012.0,268580.0,-8.0,10.0,40.0,-24.0,-24.0,4.0
2022-04-30,304.0,11754.0,823.0,14309.0,10644.0,15146.0,16843.0,107.0,8354.0,210843.0,-10.0,4.0,42.0,-15.0,-6.0,-1.0
2022-05-01,293.0,11536.0,905.0,5472.0,4339.0,5914.0,6490.0,113.0,9034.0,200130.0,-1.0,1.0,34.0,-14.0,-4.0,-1.0
2022-05-02,286.0,11535.0,943.0,2247.0,2227.0,2293.0,3345.0,110.0,11907.0,278977.0,0.0,-5.0,99.0,-40.0,-71.0,13.0
2022-05-03,278.0,11428.0,1018.0,6838.0,4800.0,7210.0,12775.0,107.0,13318.0,338114.0,-13.0,9.0,28.0,-27.0,-25.0,5.0
2022-05-04,277.0,11094.0,1002.0,7682.0,4666.0,8051.0,14146.0,90.0,11672.0,290456.0,-13.0,5.0,20.0,-28.0,-23.0,5.0
2022-05-05,253.0,10604.0,871.0,7230.0,4262.0,7922.0,13134.0,87.0,10221.0,293500.0,-7.0,9.0,50.0,-26.0,-23.0,4.0
2022-05-06,237.0,10090.0,823.0,8500.0,4567.0,8818.0,14082.0,98.0,8954.0,268495.0,-11.0,6.0,34.0,-26.0,-23.0,4.0
2022-05-07,226.0,9584.0,703.0,14980.0,9841.0,15607.0,16860.0,103.0,7517.0,194772.0,-12.0,2.0,36.0,-18.0,-4.0,0.0
2022-05-08,227.0,9525.0,751.0,6968.0,3784.0,7442.0,7663.0,85.0,9062.0,205007.0,-6.0,3.0,63.0,-13.0,-1.0,-1.0
2022-05-09,213.0,9449.0,848.0,6781.0,3186.0,6953.0,11586.0,83.0,10702.0,343105.0,-11.0,6.0,38.0,-27.0,-24.0,5.0
2022-05-10,203.0,9140.0,873.0,7002.0,3832.0,7226.0,12495.0,101.0,9748.0,267876.0,-12.0,7.0,34.0,-26.0,-23.0,4.0
2022-05-11,202.0,8752.0,773.0,7164.0,3427.0,7464.0,12921.0,79.0,8725.0,235819.0,-13.0,4.0,15.0,-27.0,-23.0,5.0
2022-05-12,191.0,8301.0,792.0,6653.0,3596.0,7127.0,11986.0,69.0,7642.0,228428.0,-10.0,7.0,40.0,-26.0,-22.0,4.0
2022-05-13,189.0,8000.0,631.0,6642.0,3826.0,6809.0,11750.0,72.0,6942.0,213008.0,-10.0,8.0,42.0,-25.0,-23.0,4.0
2022-05-14,197.0,7662.0,618.0,12100.0,8636.0,12728.0,14361.0,66.0,6120.0,164143.0,-14.0,3.0,56.0,-16.0,-5.0,-1.0
2022-05-15,199.0,7646.0,635.0,5063.0,3764.0,5554.0,6958.0,73.0,7973.0,187838.0,-11.0,1.0,25.0,-15.0,-3.0,0.0
2022-05-16,189.0,7468.0,697.0,4903.0,2763.0,5032.0,10458.0,66.0,9417.0,318190.0,-12.0,6.0,30.0,-27.0,-25.0,5.0
2022-05-17,201.0,7136.0,673.0,5242.0,3597.0,5483.0,11488.0,72.0,8286.0,241562.0,-11.0,6.0,48.0,-25.0,-23.0,4.0
2022-05-18,188.0,6763.0,723.0,5578.0,3086.0,5811.0,11594.0,46.0,7638.0,221061.0,-10.0,7.0,42.0,-25.0,-22.0,4.0
2022-05-19,191.0,6618.0,658.0,5237.0,3110.0,5747.0,11198.0,46.0,6820.0,227588.0,-9.0,8.0,55.0,-25.0,-23.0,4.0
2022-05-20,194.0,6407.0,532.0,5978.0,3398.0,6310.0,11214.0,72.0,5821.0,218340.0,-12.0,7.0,26.0,-25.0,-23.0,4.0
2022-05-21,184.0,6190.0,454.0,10380.0,6967.0,10855.0,13534.0,49.0,5019.0,157425.0,-13.0,3.0,43.0,-16.0,-5.0,-1.0
2022-05-22,175.0,6137.0,536.0,4043.0,2567.0,4471.0,5849.0,59.0,5997.0,166840.0,-8.0,3.0,56.0,-11.0,-2.0,-1.0
2022-05-23,168.0,6124.0,595.0,4174.0,2131.0,4339.0,9023.0,63.0,7313.0,289053.0,-12.0,7.0,31.0,-26.0,-24.0,5.0
2022-05-24,160.0,5746.0,584.0,4439.0,2589.0,4554.0,9520.0,51.0,6679.0,230107.0,-12.0,7.0,32.0,-25.0,-23.0,5.0
2022-05-25,153.0,5603.0,599.0,4611.0,2372.0,4767.0,9611.0,34.0,6293.0,223401.0,-10.0,7.0,23.0,-25.0,-23.0,5.0
2022-05-26,151.0,5474.0,507.0,4913.0,2273.0,5433.0,9208.0,45.0,5753.0,236573.0,-8.0,9.0,37.0,-24.0,-23.0,4.0
2022-05-27,149.0,5224.0,529.0,5539.0,2554.0,5748.0,9486.0,45.0,5409.0,208356.0,-7.0,9.0,54.0,-21.0,-24.0,3.0
2022-05-28,140.0,5030.0,457.0,10271.0,5365.0,10888.0,11758.0,34.0,4988.0,147629.0,-13.0,4.0,48.0,-13.0,-6.0,-2.0
2022-05-29,135.0,4979.0,521.0,4355.0,2375.0,4866.0,5735.0,30.0,5680.0,147217.0,-7.0,2.0,47.0,-9.0,-3.0,-1.0
2022-05-30,134.0,5060.0,574.0,7156.0,3409.0,7449.0,10384.0,51.0,7115.0,245867.0,-2.0,8.0,54.0,-26.0,-36.0,6.0
2022-05-31,133.0,5021.0,597.0,8132.0,3845.0,8323.0,10902.0,51.0,7093.0,196282.0,-1.0,11.0,51.0,-26.0,-35.0,6.0
2022-06-01,139.0,4775.0,584.0,7782.0,3920.0,8145.0,10810.0,25.0,7011.0,183849.0,9.0,20.0,74.0,-21.0,-36.0,4.0
2022-06-02,141.0,4797.0,530.0,1797.0,819.0,1831.0,2796.0,48.0,6209.0,161841.0,7.0,10.0,151.0,-30.0,-67.0,10.0
2022-06-03,136.0,4805.0,505.0,969.0,611.0,931.0,1393.0,28.0,6635.0,155641.0,-13.0,-5.0,112.0,-36.0,-68.0,12.0
2022-06-04,127.0,4765.0,532.0,6003.0,3095.0,6196.0,7421.0,38.0,7492.0,136596.0,-23.0,-3.0,51.0,-20.0,-14.0,0.0
2022-06-05,128.0,4912.0,643.0,2695.0,921.0,2953.0,3998.0,30.0,9815.0,153381.0,-21.0,-4.0,17.0,-15.0,-6.0,0.0
2022-06-06,136.0,5102.0,749.0,4181.0,1932.0,4368.0,7924.0,43.0,11747.0,265604.0,-12.0,8.0,37.0,-28.0,-29.0,6.0
2022-06-07,132.0,5122.0,727.0,4416.0,2391.0,4550.0,8328.0,33.0,11411.0,208299.0,-12.0,8.0,46.0,-24.0,-25.0,5.0
2022-06-08,139.0,5109.0,811.0,4549.0,2006.0,4799.0,8751.0,43.0,11784.0,201347.0,-12.0,8.0,31.0,-25.0,-24.0,5.0
2022-06-09,146.0,5112.0,775.0,4157.0,1937.0,4762.0,7966.0,27.0,11319.0,221696.0,-11.0,8.0,40.0,-24.0,-24.0,5.0
2022-06-10,135.0,5310.0,750.0,4878.0,2058.0,5160.0,8679.0,44.0,10784.0,196969.0,-10.0,8.0,50.0,-22.0,-24.0,4.0
2022-06-11,145.0,5314.0,701.0,10266.0,5427.0,11266.0,11626.0,32.0,10077.0,143162.0,-15.0,3.0,45.0,-15.0,-4.0,-1.0
2022-06-12,147.0,5485.0,786.0,3938.0,2060.0,4643.0,5081.0,43.0,12693.0,151037.0,-8.0,4.0,55.0,-10.0,-1.0,-1.0
2022-06-13,152.0,5752.0,883.0,3493.0,1657.0,3641.0,6934.0,41.0,15272.0,262225.0,-9.0,9.0,52.0,-23.0,-25.0,4.0
2022-06-14,153.0,5871.0,945.0,4063.0,2061.0,4262.0,7569.0,36.0,15141.0,206365.0,-9.0,9.0,60.0,-22.0,-23.0,4.0
2022-06-15,153.0,6054.0,1035.0,4260.0,1764.0,4532.0,7288.0,45.0,14837.0,196096.0,-8.0,11.0,58.0,-22.0,-23.0,4.0
2022-06-16,149.0,6238.0,1002.0,4093.0,1842.0,4503.0,7099.0,57.0,14225.0,214039.0,-7.0,13.0,66.0,-22.0,-24.0,4.0
2022-06-17,138.0,6320.0,1011.0,4125.0,1696.0,4273.0,6546.0,45.0,13919.0,190582.0,-11.0,11.0,67.0,-21.0,-26.0,4.0
2022-06-18,159.0,6509.0,936.0,9221.0,4188.0,9877.0,9264.0,44.0,13623.0,143388.0,-16.0,6.0,28.0,-16.0,-6.0,0.0
2022-06-19,161.0,6805.0,1086.0,3482.0,1692.0,4230.0,3523.0,47.0,16997.0,158616.0,-5.0,6.0,46.0,-9.0,-1.0,-1.0
2022-06-20,174.0,7167.0,1250.0,4173.0,1724.0,4342.0,6325.0,48.0,19942.0,266643.0,-8.0,10.0,67.0,-22.0,-25.0,4.0
2022-06-21,172.0,7467.0,1384.0,3992.0,2245.0,4409.0,6741.0,58.0,20896.0,217088.0,-10.0,11.0,66.0,-36.0,-26.0,5.0
2022-06-22,172.0,7759.0,1351.0,4191.0,2121.0,4442.0,7101.0,73.0,20873.0,206112.0,-10.0,10.0,64.0,-28.0,-25.0,5.0
2022-06-23,178.0,8028.0,1454.0,3867.0,1946.0,4483.0,6692.0,62.0,19590.0,229388.0,-11.0,10.0,59.0,-35.0,-26.0,5.0
2022-06-24,191.0,8450.0,1330.0,4883.0,2131.0,5136.0,7419.0,48.0,18350.0,203256.0,-10.0,9.0,50.0,-24.0,-26.0,4.0
2022-06-25,203.0,8743.0,1230.0,10376.0,5305.0,11272.0,10487.0,72.0,16800.0,156501.0,-14.0,4.0,46.0,-24.0,-6.0,0.0
2022-06-26,214.0,9315.0,1472.0,4405.0,2456.0,5312.0,4688.0,69.0,20778.0,169633.0,-7.0,4.0,54.0,-11.0,-2.0,-1.0
2022-06-27,218.0,9784.0,1660.0,4999.0,1888.0,5246.0,7492.0,64.0,25104.0,285528.0,-9.0,8.0,43.0,-23.0,-26.0,5.0
2022-06-28,237.0,10123.0,1719.0,4982.0,2101.0,5435.0,7399.0,72.0,25041.0,243993.0,-10.0,8.0,40.0,-23.0,-25.0,5.0
2022-06-29,234.0,10686.0,1833.0,5186.0,1853.0,5471.0,7795.0,83.0,24601.0,233179.0,-8.0,8.0,36.0,-23.0,-24.0,5.0
2022-06-30,253.0,11087.0,1854.0,5220.0,2071.0,5606.0,7223.0,75.0,24240.0,249760.0,-6.0,10.0,45.0,-22.0,-25.0,5.0
2022-07-01,264.0,11627.0,1546.0,6076.0,1870.0,6406.0,6749.0,79.0,23650.0,237471.0,-9.0,8.0,47.0,-20.0,-27.0,4.0
2022-07-02,254.0,11932.0,1590.0,12842.0,4042.0,14944.0,8699.0,90.0,21961.0,174464.0,-14.0,2.0,41.0,-13.0,-6.0,0.0
2022-07-03,257.0,12330.0,1973.0,5554.0,1595.0,6616.0,3823.0,69.0,27780.0,187498.0,-8.0,3.0,56.0,-8.0,-3.0,-1.0
2022-07-04,265.0,13111.0,2156.0,6064.0,1467.0,6290.0,6442.0,91.0,33704.0,308619.0,-8.0,9.0,56.0,-23.0,-28.0,5.0
2022-07-05,273.0,13588.0,2176.0,5806.0,1800.0,6120.0,6606.0,102.0,31415.0,261827.0,-9.0,9.0,58.0,-23.0,-26.0,5.0
2022-07-06,260.0,14086.0,2191.0,6173.0,1689.0,6450.0,7110.0,116.0,29698.0,251802.0,-9.0,7.0,46.0,-24.0,-26.0,5.0
2022-07-07,271.0,14482.0,2233.0,6357.0,1665.0,6741.0,7038.0,102.0,26454.0,267026.0,-7.0,10.0,66.0,-23.0,-26.0,4.0
2022-07-08,267.0,14908.0,1921.0,6504.0,1624.0,6836.0,7023.0,109.0,24611.0,221237.0,-9.0,10.0,68.0,-22.0,-28.0,4.0
2022-07-09,271.0,15091.0,1803.0,13954.0,3435.0,14736.0,8012.0,109.0,21246.0,174376.0,-16.0,4.0,69.0,-12.0,-8.0,-1.0
2022-07-10,295.0,15590.0,2069.0,5527.0,1586.0,5936.0,3621.0,116.0,25096.0,197978.0,-10.0,6.0,79.0,-6.0,-5.0,-2.0
2022-07-11,306.0,16065.0,2254.0,5015.0,1247.0,5126.0,6406.0,128.0,29826.0,296476.0,-7.0,13.0,71.0,-23.0,-30.0,5.0
2022-07-12,299.0,16470.0,2207.0,5276.0,1519.0,5670.0,6648.0,154.0,26946.0,252787.0,-10.0,9.0,60.0,-24.0,-29.0,5.0
2022-07-13,315.0,16602.0,2173.0,5882.0,1596.0,6137.0,6972.0,135.0,23856.0,256177.0,-7.0,10.0,62.0,-24.0,-27.0,5.0
2022-07-14,320.0,16704.0,2052.0,5823.0,1661.0,6225.0,6729.0,126.0,21100.0,256562.0,-6.0,11.0,69.0,-23.0,-27.0,5.0
2022-07-15,326.0,16831.0,1682.0,6003.0,1478.0,6195.0,6650.0,105.0,18359.0,238775.0,-13.0,4.0,64.0,-23.0,-29.0,5.0
2022-07-16,343.0,16500.0,1538.0,13688.0,3264.0,14742.0,8175.0,122.0,15017.0,166919.0,-16.0,7.0,61.0,-12.0,-7.0,-1.0
2022-07-17,324.0,16602.0,1860.0,4872.0,1071.0,5360.0,3461.0,159.0,17236.0,178166.0,-11.0,8.0,64.0,-8.0,-4.0,-1.0
2022-07-18,337.0,16747.0,1988.0,3784.0,973.0,4075.0,4953.0,127.0,18718.0,266976.0,-13.0,10.0,59.0,-30.0,-33.0,10.0
2022-07-19,352.0,16558.0,2037.0,3502.0,924.0,3910.0,4470.0,225.0,16670.0,202363.0,-16.0,9.0,42.0,-34.0,-33.0,16.0
2022-07-20,325.0,16254.0,1929.0,4930.0,1582.0,5419.0,5899.0,191.0,16169.0,221886.0,-5.0,14.0,51.0,-24.0,-27.0,6.0
2022-07-21,320.0,16051.0,1735.0,5649.0,1741.0,6108.0,6299.0,126.0,14158.0,228338.0,-4.0,12.0,64.0,-23.0,-28.0,5.0
2022-07-22,335.0,15796.0,1417.0,6339.0,1748.0,6756.0,6274.0,117.0,12378.0,205735.0,-9.0,8.0,52.0,-23.0,-31.0,6.0
2022-07-23,319.0,14966.0,1305.0,10992.0,2920.0,11941.0,7341.0,127.0,9934.0,145415.0,-15.0,3.0,49.0,-14.0,-7.0,0.0
2022-07-24,341.0,15044.0,1440.0,4189.0,1270.0,4537.0,3285.0,132.0,11275.0,147383.0,-12.0,-1.0,50.0,-13.0,-5.0,0.0
2022-07-25,349.0,14981.0,1509.0,5825.0,1808.0,6224.0,6329.0,114.0,13299.0,252057.0,-4.0,9.0,63.0,-25.0,-35.0,7.0
2022-07-26,339.0,14556.0,1465.0,5265.0,2019.0,6073.0,6141.0,120.0,11725.0,206489.0,-4.0,9.0,78.0,-23.0,-34.0,6.0
2022-07-27,318.0,14262.0,1360.0,5298.0,1884.0,5747.0,6376.0,115.0,10544.0,194325.0,-3.0,9.0,76.0,-33.0,-35.0,7.0
2022-07-28,308.0,13716.0,1320.0,5680.0,1991.0,6205.0,5872.0,126.0,9329.0,206705.0,-2.0,11.0,82.0,-25.0,-34.0,6.0
2022-07-29,296.0,13366.0,1133.0,4999.0,1594.0,5398.0,5249.0,118.0,8508.0,178764.0,-4.0,9.0,82.0,-21.0,-36.0,5.0
2022-07-30,282.0,12670.0,1046.0,7667.0,2185.0,8478.0,6324.0,77.0,7325.0,128686.0,-13.0,2.0,49.0,-16.0,-9.0,-1.0
2022-07-31,266.0,12540.0,1240.0,3333.0,1041.0,3739.0,3064.0,98.0,8426.0,129467.0,-7.0,3.0,54.0,-7.0,-4.0,-1.0
2022-08-01,280.0,12502.0,1248.0,4150.0,1283.0,4667.0,4810.0,93.0,9835.0,227114.0,-1.0,10.0,90.0,-23.0,-37.0,6.0
2022-08-02,273.0,12203.0,1197.0,3635.0,1510.0,4681.0,4679.0,102.0,9170.0,192612.0,-4.0,9.0,74.0,-25.0,-36.0,7.0
2022-08-03,262.0,11796.0,1189.0,4033.0,1390.0,4531.0,5036.0,108.0,8353.0,172252.0,-3.0,9.0,82.0,-24.0,-35.0,6.0
2022-08-04,258.0,11411.0,1123.0,3857.0,1552.0,4319.0,4749.0,85.0,7296.0,186756.0,-3.0,10.0,94.0,-24.0,-35.0,6.0
2022-08-05,249.0,10973.0,1014.0,3852.0,1300.0,4229.0,4538.0,87.0,6548.0,170300.0,-7.0,8.0,82.0,-23.0,-37.0,5.0
2022-08-06,241.0,10566.0,844.0,5653.0,1762.0,6455.0,5331.0,65.0,5420.0,122001.0,-15.0,2.0,67.0,-10.0,-10.0,-1.0
2022-08-07,234.0,10510.0,984.0,2489.0,826.0,2733.0,2343.0,100.0,6547.0,120517.0,-7.0,4.0,82.0,-5.0,-5.0,-2.0
2022-08-08,246.0,10604.0,1087.0,3445.0,1101.0,3839.0,4177.0,100.0,8068.0,214738.0,-3.0,11.0,100.0,-23.0,-37.0,5.0
2022-08-09,254.0,10271.0,1083.0,2903.0,1202.0,3660.0,3975.0,90.0,7309.0,170538.0,-5.0,10.0,97.0,-24.0,-36.0,5.0
2022-08-10,240.0,10120.0,1126.0,3088.0,1332.0,3434.0,4393.0,76.0,6748.0,158065.0,-5.0,10.0,93.0,-25.0,-35.0,6.0
2022-08-11,230.0,9938.0,1012.0,2998.0,1092.0,3286.0,4050.0,98.0,6193.0,174358.0,-7.0,11.0,98.0,-25.0,-36.0,6.0
2022-08-12,219.0,9665.0,864.0,2804.0,1118.0,3026.0,3763.0,107.0,5339.0,149443.0,-12.0,8.0,85.0,-24.0,-37.0,5.0
2022-08-13,216.0,9601.0,842.0,4334.0,1364.0,4397.0,4584.0,92.0,4495.0,104971.0,-20.0,2.0,66.0,-18.0,-10.0,-1.0
2022-08-14,211.0,9750.0,838.0,1929.0,536.0,2026.0,2297.0,90.0,5363.0,107025.0,-12.0,3.0,73.0,-8.0,-5.0,-1.0
2022-08-15,222.0,9724.0,969.0,2761.0,1066.0,2971.0,3711.0,89.0,6424.0,202022.0,-5.0,10.0,75.0,-25.0,-36.0,8.0
2022-08-16,214.0,9433.0,904.0,2784.0,1338.0,3225.0,3890.0,71.0,5559.0,158025.0,-6.0,7.0,56.0,-26.0,-35.0,8.0
2022-08-17,224.0,9048.0,865.0,2891.0,1224.0,3115.0,4086.0,56.0,5032.0,148626.0,-6.0,6.0,59.0,-25.0,-34.0,9.0
2022-08-18,201.0,8913.0,769.0,2863.0,1127.0,3075.0,3706.0,63.0,4564.0,164300.0,-5.0,9.0,79.0,-34.0,-35.0,9.0
2022-08-19,196.0,8516.0,735.0,2884.0,1223.0,2965.0,3754.0,69.0,4012.0,135903.0,-8.0,7.0,76.0,-28.0,-36.0,8.0
2022-08-20,179.0,8190.0,637.0,4606.0,1670.0,4980.0,4887.0,76.0,3502.0,100927.0,-15.0,2.0,55.0,-23.0,-8.0,1.0
2022-08-21,178.0,8116.0,672.0,1648.0,643.0,1729.0,1858.0,61.0,4085.0,103898.0,-7.0,2.0,70.0,-8.0,-3.0,0.0
2022-08-22,172.0,8218.0,749.0,3219.0,1084.0,3493.0,3708.0,65.0,5224.0,195650.0,-4.0,7.0,65.0,-25.0,-36.0,8.0
2022-08-23,144.0,7753.0,791.0,2854.0,1298.0,3606.0,3873.0,78.0,4778.0,144233.0,-4.0,8.0,78.0,-24.0,-34.0,8.0
2022-08-24,161.0,7572.0,730.0,2784.0,1072.0,3104.0,3572.0,52.0,4554.0,140190.0,-4.0,8.0,71.0,-24.0,-34.0,8.0
2022-08-25,153.0,7500.0,741.0,2815.0,1295.0,3104.0,3268.0,49.0,3796.0,153452.0,-5.0,8.0,69.0,-26.0,-35.0,8.0
2022-08-26,147.0,7005.0,575.0,2812.0,1254.0,2973.0,3425.0,44.0,3451.0,117826.0,-5.0,9.0,84.0,-22.0,-37.0,7.0
2022-08-27,145.0,6947.0,525.0,3561.0,1305.0,3921.0,3816.0,58.0,3112.0,87705.0,-14.0,2.0,71.0,-11.0,-10.0,0.0
2022-08-28,147.0,6871.0,602.0,1360.0,440.0,1346.0,1479.0,61.0,3439.0,81249.0,-1.0,2.0,93.0,-4.0,-4.0,-2.0
2022-08-29,154.0,6930.0,674.0,653.0,158.0,594.0,841.0,54.0,4662.0,128291.0,0.0,-1.0,122.0,-35.0,-69.0,12.0
2022-08-30,156.0,6930.0,674.0,2996.0,1220.0,3735.0,3725.0,43.0,5226.0,145268.0,-4.0,12.0,68.0,-25.0,-35.0,6.0
2022-08-31,163.0,6828.0,646.0,3075.0,1404.0,3565.0,4272.0,75.0,4616.0,112605.0,-2.0,10.0,63.0,-25.0,-33.0,7.0
2022-09-01,166.0,6733.0,612.0,2049.0,877.0,2013.0,3218.0,44.0,4350.0,103449.0,-6.0,9.0,65.0,-25.0,-31.0,5.0
2022-09-02,158.0,6497.0,546.0,2084.0,814.0,2057.0,3263.0,48.0,3808.0,90261.0,-9.0,7.0,54.0,-24.0,-31.0,5.0
2022-09-03,148.0,6322.0,498.0,2930.0,1004.0,3526.0,3347.0,54.0,3417.0,68660.0,-12.0,2.0,33.0,-14.0,-8.0,0.0
2022-09-04,132.0,6359.0,534.0,1168.0,293.0,1147.0,1187.0,45.0,4288.0,69029.0,-9.0,5.0,40.0,-12.0,-3.0,0.0
2022-09-05,139.0,6363.0,616.0,1143.0,376.0,1052.0,1995.0,39.0,5125.0,105395.0,-7.0,8.0,44.0,-24.0,-29.0,5.0
2022-09-06,150.0,6257.0,633.0,1124.0,380.0,1069.0,1831.0,40.0,4578.0,87504.0,-12.0,6.0,28.0,-24.0,-27.0,5.0
2022-09-07,133.0,6078.0,608.0,1067.0,426.0,1048.0,1819.0,61.0,4235.0,77708.0,-11.0,7.0,30.0,-23.0,-26.0,5.0
2022-09-08,143.0,6022.0,586.0,917.0,384.0,877.0,1742.0,47.0,3747.0,75033.0,-12.0,5.0,26.0,-24.0,-27.0,5.0
2022-09-09,136.0,5915.0,490.0,1038.0,444.0,1002.0,1433.0,38.0,3553.0,69579.0,-13.0,6.0,28.0,-23.0,-27.0,5.0
2022-09-10,141.0,5752.0,451.0,2397.0,1098.0,2932.0,1456.0,48.0,3268.0,53701.0,-15.0,3.0,35.0,-15.0,-7.0,0.0
2022-09-11,144.0,5784.0,542.0,864.0,192.0,965.0,612.0,31.0,4347.0,55894.0,-10.0,4.0,45.0,-9.0,-2.0,0.0
2022-09-12,136.0,5725.0,526.0,1579.0,857.0,1520.0,5453.0,43.0,5308.0,88580.0,-11.0,7.0,42.0,-21.0,-27.0,5.0
2022-09-13,160.0,5677.0,595.0,1422.0,740.0,1481.0,3864.0,50.0,5148.0,77228.0,-11.0,7.0,37.0,-21.0,-27.0,4.0
2022-09-14,152.0,5596.0,602.0,1437.0,808.0,1456.0,4010.0,45.0,4973.0,74316.0,-10.0,7.0,39.0,-21.0,-26.0,4.0
2022-09-15,150.0,5625.0,569.0,1469.0,701.0,1421.0,3641.0,49.0,4634.0,73484.0,-9.0,9.0,44.0,-23.0,-26.0,4.0
2022-09-16,139.0,5591.0,499.0,1655.0,951.0,1640.0,3753.0,39.0,4134.0,65964.0,-9.0,10.0,40.0,-20.0,-27.0,4.0
2022-09-17,133.0,5487.0,504.0,3441.0,1539.0,3764.0,4839.0,40.0,3521.0,50266.0,-11.0,7.0,38.0,-11.0,-7.0,-1.0
2022-09-18,140.0,5585.0,577.0,1497.0,495.0,1594.0,1935.0,40.0,4339.0,49938.0,-1.0,20.0,45.0,-6.0,-4.0,-2.0
2022-09-19,136.0,5751.0,794.0,293.0,111.0,247.0,812.0,49.0,6166.0,66002.0,-60.0,-61.0,46.0,-53.0,-78.0,21.0
2022-09-20,151.0,5906.0,845.0,1320.0,686.0,1342.0,3269.0,50.0,7828.0,80480.0,-8.0,22.0,36.0,-20.0,-26.0,4.0
2022-09-21,159.0,6199.0,871.0,1377.0,751.0,1431.0,3573.0,37.0,7553.0,75640.0,-9.0,11.0,35.0,-21.0,-26.0,4.0
2022-09-22,166.0,6480.0,865.0,1335.0,718.0,1324.0,3597.0,50.0,6815.0,77495.0,-10.0,9.0,34.0,-21.0,-26.0,5.0
2022-09-23,168.0,6735.0,727.0,2319.0,808.0,2311.0,3721.0,54.0,6485.0,70719.0,-10.0,10.0,33.0,-20.0,-27.0,4.0
2022-09-24,164.0,6950.0,744.0,3547.0,1590.0,3937.0,4862.0,49.0,5719.0,53704.0,-11.0,6.0,31.0,-12.0,-7.0,0.0
2022-09-25,176.0,7222.0,986.0,1489.0,509.0,1583.0,1894.0,41.0,7240.0,58512.0,-7.0,5.0,37.0,-10.0,-4.0,0.0
2022-09-26,170.0,7676.0,1016.0,1356.0,734.0,1324.0,3128.0,66.0,8618.0,84896.0,-10.0,7.0,21.0,-22.0,-28.0,5.0
2022-09-27,177.0,8033.0,1062.0,1291.0,811.0,1359.0,3729.0,69.0,8255.0,78963.0,-11.0,9.0,18.0,-22.0,-26.0,5.0
2022-09-28,179.0,8289.0,1166.0,1445.0,900.0,1566.0,4095.0,62.0,8414.0,78561.0,-7.0,10.0,23.0,-21.0,-25.0,5.0
2022-09-29,179.0,8559.0,1184.0,1503.0,1096.0,1475.0,4079.0,67.0,7895.0,78800.0,-8.0,11.0,31.0,-21.0,-25.0,4.0
2022-09-30,175.0,8975.0,903.0,1598.0,936.0,1585.0,4095.0,65.0,7615.0,71924.0,-12.0,6.0,4.0,-22.0,-26.0,5.0
2022-10-01,183.0,9407.0,1124.0,3543.0,1675.0,4199.0,6088.0,81.0,7065.0,57589.0,-8.0,8.0,20.0,-21.0,-8.0,0.0
2022-10-02,194.0,9749.0,1284.0,1443.0,522.0,2042.0,2090.0,64.0,9204.0,61250.0,-6.0,5.0,32.0,-10.0,-3.0,0.0
2022-10-03,206.0,10268.0,1364.0,1155.0,696.0,1110.0,3404.0,83.0,11692.0,88664.0,-8.0,10.0,29.0,-21.0,-26.0,5.0
2022-10-04,209.0,10770.0,1461.0,1261.0,828.0,1248.0,4367.0,92.0,10965.0,88721.0,-11.0,8.0,17.0,-21.0,-24.0,5.0
2022-10-05,215.0,11142.0,1292.0,1426.0,1102.0,1441.0,4640.0,99.0,10231.0,85723.0,-13.0,6.0,4.0,-31.0,-26.0,6.0
2022-10-06,210.0,11460.0,1201.0,1452.0,1074.0,1395.0,4758.0,97.0,9389.0,84200.0,-9.0,9.0,29.0,-22.0,-23.0,5.0
2022-10-07,214.0,11635.0,987.0,1534.0,1374.0,1507.0,4521.0,101.0,8950.0,79331.0,-12.0,7.0,17.0,-22.0,-25.0,5.0
2022-10-08,223.0,11630.0,922.0,3930.0,2079.0,4309.0,7147.0,92.0,7053.0,63862.0,-9.0,6.0,31.0,-22.0,-6.0,0.0
2022-10-09,218.0,11813.0,1272.0,1473.0,684.0,1546.0,2447.0,101.0,8558.0,64799.0,-8.0,3.0,32.0,-12.0,-4.0,0.0
2022-10-10,221.0,12071.0,1298.0,1190.0,862.0,1142.0,3938.0,93.0,10497.0,90573.0,-10.0,7.0,30.0,-23.0,-26.0,5.0
2022-10-11,241.0,12179.0,1243.0,1281.0,910.0,1280.0,4764.0,110.0,9461.0,90914.0,-11.0,7.0,29.0,-21.0,-24.0,5.0
2022-10-12,240.0,12314.0,1189.0,1375.0,1000.0,1370.0,5189.0,127.0,8769.0,88013.0,-11.0,6.0,16.0,-22.0,-24.0,5.0
2022-10-13,248.0,12229.0,1276.0,1423.0,937.0,1361.0,5199.0,112.0,8134.0,85179.0,-9.0,9.0,30.0,-21.0,-24.0,5.0
2022-10-14,243.0,12079.0,1001.0,1543.0,1123.0,1509.0,5267.0,116.0,7970.0,82131.0,-10.0,9.0,18.0,-21.0,-25.0,5.0
2022-10-15,236.0,12191.0,943.0,3586.0,2177.0,4854.0,8726.0,109.0,6442.0,65751.0,-11.0,6.0,13.0,-15.0,-7.0,1.0
